
insert into production.types values (12,'food products','meat','horse');
insert into production.types values (123,'non-food products');
insert into production.types values (1234,'medical products');

insert into production.brands values (1,'Cola');
insert into production.brands values (2,'Soda');
insert into production.brands values (3,'Nike');
insert into production.brands values (4,'Adidas');
insert into production.brands values (5,'President');
insert into production.brands values (6,'Lenor');
insert into production.brands values (7,'Comet');
insert into production.brands values (8,'AOS');
insert into production.brands values (9,'Fary');
insert into production.brands values (11,'Frito-Lay');
insert into production.brands values (12,'Nestle');
insert into production.brands values (13,'Jacobs');
insert into production.brands values (14, 'Dry Mix')
insert into production.brands values (15, 'Havarti, Roasted Garlic')
insert into production.brands values (16, 'Jafflin Bourgongone')
insert into production.brands values (17, 'Red Thai')
insert into production.brands values (18, 'Guy Sage Touraine')
insert into production.brands values (19, 'Prime Cut')
insert into production.brands values (20, 'Oolong')
insert into production.brands values (21, 'Slab Bacon')
insert into production.brands values (22, 'Prime Cut')
insert into production.brands values (23, 'Campbells Chicken')
insert into production.brands values (24, 'Chili Powder')
insert into production.brands values (25, 'Sweet, Cinzano')
insert into production.brands values (26, 'Potmums')
insert into production.brands values (27, 'Havarti')
insert into production.brands values (28, 'Cognac')
insert into production.brands values (29, 'Orange')
insert into production.brands values (30, 'Bran And Maple ')
insert into production.brands values (31, 'Green')
insert into production.brands values (32, 'Primerba')
insert into production.brands values (33, 'Guy Sage Touraine')
insert into production.brands values (34, 'Sorrano')
insert into production.brands values (35, 'Loin')
insert into production.brands values (36, 'Cognac')
insert into production.brands values (38, 'Comte')
insert into production.brands values (39, 'Oolong')
insert into production.brands values (40, 'Pine Sol')
insert into production.brands values (41, ' Gouda')
insert into production.brands values (42, 'California Mix')
insert into production.brands values (44,'Pepsi');

insert into production.products values (1,'Sauce - Black Current',14,12);
insert into production.products values(2,'Cheese',15,12);
insert into production.products values(3,'Cookie ', 16,12);
insert into production.products values(4,'Ostrich ',17,12);
insert into production.products values(5,'Scallops - Live In Shell',17,12);
insert into production.products values(6,'Oneshot Automatic Soap System',12,12);
insert into production.products values (7,'V8 Splash Strawberry Kiwi',17,12);
insert into production.products values(8,'Soup Campbells Beef With Veg',16,12);
insert into production.products values(9,'Wine - Red, Wolf Blass, Yellow',15,12 );
insert into production.products values(10,'Jam - Blackberry, 20 Ml Jar',14,12);
insert into production.products values(11,'Cheese',21,12);
insert into production.products values(12,'Wine - Jafflin Bourgongone',18,12);
insert into production.products values(13,'Cheese - Cheddarsliced',21,12);
insert into production.products values (14,'Bread - Bagels, Mini',22,12);
insert into production.products values(15,'Pepper - Red Thai', 19,12);
insert into production.products values(16,'Pastry - Banana Muffin - Mini',17,12);
insert into production.products values (17,'Watercress',19,12);
insert into production.products values (18,'Wine - Guy Sage Touraine', 23,12);
insert into production.products values (19,'Beef - Shank',25,12 );
insert into production.products values (20,'Veal - Slab Bacon', 26,12);
insert into production.products values (21,'Muffin - Mix - Bran And Maple 15l',27,12);
insert into production.products values (22,'Wine - Penfolds Koonuga Hill',28,12);
insert into production.products values (23,'Cookie - Dough Variety',29,12);
insert into production.products values (24,'Trout - Smoked',29,12);
insert into production.products values (25,'Tea Leaves - Oolong',28,12);
insert into production.products values (26,'Pepper - Chili Powder',30,12);
insert into production.products values (27,'Bread Base - Gold Formel',26,12);
insert into production.products values (28,'Wiberg Super Cure', 12,12);
insert into production.products values (29,'Sprouts - Corn',31,12);
insert into production.products values (30,'Pancetta', 21,12);
insert into production.products values (31,'Water - Tonic',29,12);
insert into production.products values (32,'Yoghurt Tubes', 31,12);
insert into production.products values (33,'Beef - Sushi Flat Iron Steak',31,12);
insert into production.products values (34,'Cookie Dough - Double',27,12);
insert into production.products values (35,'Seedlings - Buckwheat, Organic',25,12);
insert into production.products values (37,'Alize Sunset', 24,12);
insert into production.products values (38,'Rum - Dark, Bacardi, Black',23,12);
insert into production.products values (39,'Cabbage - Green',26,12);
insert into production.products values (40,'Beer - Guiness',28,12);
insert into production.products values (41,'Salmon - Smoked, Sliced',29,12);
insert into production.products values (42,'Syrup - Golden, Lyles',21,12);
insert into production.products values (43,'Pail - 15l White, With Handle', 20,12);
insert into production.products values (44,'Pail With Metal Handle 16l White',14,12);
insert into production.products values (45,'Nantuket Peach Orange',1,12);
insert into production.products values (46,'Chocolate - Pistoles, Lactee, Milk',14,12);
insert into production.products values (47,'Garlic - Primerba, Paste', 15,12);
insert into production.products values (48,'Pineapple - Canned, Rings', 31,12);
insert into production.products values (49,'Wine - Shiraz South Eastern',30,12);
insert into production.products values (50,'Crab - Back Fin Meat, Canned',15,12);
insert into production.products values (51,'Soup - Campbells Chicken',31,12);
insert into production.products values (52,'Carroway Seed',12,12);
insert into production.products values (53,'Bandage - Flexible Neon',31,12);
insert into production.products values (54,'Sugar Thermometer', 11,12);
insert into production.products values (55,'Vermouth - Sweet, Cinzano', 23,12);
insert into production.products values (56,'Compound - Passion Fruit',22,12);
insert into production.products values (57,'Alize Gold Passion',30,12);
insert into production.products values (58,'Beer - Labatt Blue',31,12);
insert into production.products values (59,'Longos - Chicken Wings',23,12);
insert into production.products values (60,'Flower - Potmums',25,12);
insert into production.products values (61,'Pepper - Sorrano', 27,12);
insert into production.products values (62,'Sauce - Caesar Dressing',26,12);
insert into production.products values (63,'Red Snapper - Fresh, Whole',29,12);
insert into production.products values (64,'Muskox - French Rack', 30,12);
insert into production.products values (65,'Apple - Northern Spy',13,12);
insert into production.products values (66,'Bread - Pita, Mini',23,12);
insert into production.products values (67,'Extract - Raspberry',12,123);
insert into production.products values (68,'Carroway Seed',13,123);
insert into production.products values (69,'Strawberries - California',14,123);
insert into production.products values (70,'Veal - Loin',23,123);
insert into production.products values (71,'Veal - Heart',12,123);
insert into production.products values (72,'Turkey - Breast, Double', 23,123);
insert into production.products values (73,'Wine - Magnotta, Merlot Sr Vqa', 31,123);
insert into production.products values (74,'Cheese - Comte',20,12);
insert into production.products values (75,'Sausage - Chorizo',21,12);
insert into production.products values (76,'Veal - Leg, Provimi - 50 Lb Max', 22,12);
insert into production.products values (77,'Veal - Nuckle',11,12);
insert into production.products values (78,'Beer - Maudite',11,12);
insert into production.products values (79,'Kahlua', 23,12);
insert into production.products values (80,'Rabbit - Saddles',22,12);
insert into production.products values (81,'Dc Hikiage Hira Huba',33,12);
insert into production.products values (82,'Country Roll',41,12);
insert into production.products values (83,'Juice - Orange',36,123);
insert into production.products values (84,'Prunes - Pitted',35,12);
insert into production.products values (85,'Cheese - Gouda',35,12);
insert into production.products values (86,'Fib N9 - Prague Powder',34,12);
insert into production.products values (87,'Ecolab - Medallion', 36,12);
insert into production.products values (88,'Bread - Pullman, Sliced',33,12);
insert into production.products values (89,'Wine - Red, Cabernet Sauvignon',32,12);
insert into production.products values (90,'Squash - Butternut',38,12);
insert into production.products values (91,'Lettuce - California Mix',38,12);
insert into production.products values (92,'Beef - Cow Feet Split',39,12);
insert into production.products values (93,'Soup - Campbells, Spinach Crm', 38,12);
insert into production.products values (94,'Sour Puss Sour Apple', 31,12);
insert into production.products values (95,'Silicone Paper 16.5x24', 20,123);
insert into production.products values (96,'Compound - Orange', 30,12);
insert into production.products values (98,'Cleaner - Pine Sol',36,123);
insert into production.products values (99,'Pate - Cognac',38,123);
insert into production.products values (100,'Cheese - Cheddar, Mild',40,12);
insert into production.products values (101,'Blouse / Shirt / Sweater',41,123);
insert into production.products values (102,'Sauce - Black Current, Dry Mix',41,123);
insert into production.products values (103,'Cheese - Havarti, Roasted Garlic',31,123);
insert into production.products values (104,'Cookie Trail Mix',35,12);
insert into production.products values (105,'Ostrich - Prime Cut',25,12);
insert into production.products values (106,'Scallops - Live In Shell',12,123);
insert into production.products values (107,'Oneshot Automatic Soap System',33,12);
insert into production.products values (108,'V8 Splash Strawberry Kiwi',27,123);
insert into production.products values (109,'Soup Campbells Beef With Veg',30,123);
insert into production.products values (110,'Wine - Red, Wolf Blass, Yellow', 34,12);
insert into production.products values (111,'Jam - Blackberry, 20 Ml Jar', 36,12);
insert into production.products values (112,'Cheese - Havarti, Salsa',15,123);
insert into production.products values (113,'Wine - Jafflin Bourgongone', 41,123);
insert into production.products values (114,'Cheese - Cheddarsliced',12,12);
insert into production.products values (115,'Bread - Bagels, Mini',35,12);
insert into production.products values (116,'Pepper - Red Thai',12,123);
insert into production.products values (117,'Pastry - Banana Muffin - Mini',38,123);
insert into production.products values (118,'Watercress',41,12);
insert into production.products values (119,'Wine - Guy Sage Touraine',34,123);
insert into production.products values (120,'Beef - Shank',33,123);
insert into production.products values (121,'Wine - Shiraz South Eastern',39,12);
insert into production.products values (122,'Cola',1,12);
insert into production.products values (123,'Pepsi',44,12);
insert into production.products values (124,'Milk',44,12);


insert into  sales.customers (customer_id, full_name, city) values (1, 'Brad Van den Bosch', null);
insert into  sales.customers (customer_id, full_name, city) values (2, 'Warden Haborn', 'Vizal San Pablo');
insert into  sales.customers (customer_id, full_name, city) values (3, 'Wash Jaques', 'Sitampiky');
insert into  sales.customers (customer_id, full_name, city) values (4, 'Bruis Foucard', 'Novogornyy');
insert into  sales.customers (customer_id, full_name, city) values (5, 'Verney Perkis', 'Cipunglu');
insert into  sales.customers (customer_id, full_name, city) values (6, 'Esra Champken', 'Martapura');
insert into  sales.customers (customer_id, full_name, city) values (7, 'Birk Laver', null);
insert into  sales.customers (customer_id, full_name, city) values (8, 'Gale Lurriman', 'Daloa');
insert into  sales.customers (customer_id, full_name, city) values (9, 'Kellyann Huby', null);
insert into  sales.customers (customer_id, full_name, city) values (10, 'Hetty Firbank', null);
insert into  sales.customers (customer_id, full_name, city) values (11, 'Aurlie Grocott', null);
insert into  sales.customers (customer_id, full_name, city) values (12, 'Asa Shellsheere', 'Dongzhou');
insert into  sales.customers (customer_id, full_name, city) values (13, 'Lorenza Vasentsov', 'Thị Trấn Mường Khương');
insert into  sales.customers (customer_id, full_name, city) values (14, 'Fowler Pennone', 'Petauke');
insert into  sales.customers (customer_id, full_name, city) values (15, 'Galen Cradock', null);
insert into  sales.customers (customer_id, full_name, city) values (16, 'Walden Pedgrift', null);
insert into  sales.customers (customer_id, full_name, city) values (17, 'Donnamarie Ainsley', 'London');
insert into  sales.customers (customer_id, full_name, city) values (18, 'Lionel Kenealy', 'Bužim');
insert into  sales.customers (customer_id, full_name, city) values (19, 'Orel Seamarke', null);
insert into  sales.customers (customer_id, full_name, city) values (20, 'Schuyler MacCall', null);
insert into  sales.customers (customer_id, full_name, city) values (21, 'Nealson Lilleycrop', null);
insert into  sales.customers (customer_id, full_name, city) values (22, 'Auria Leindecker', 'Nova Cruz');
insert into  sales.customers (customer_id, full_name, city) values (23, 'Nicky Luttgert', 'Kambatatamakawu');
insert into  sales.customers (customer_id, full_name, city) values (24, 'Ardella Locke', 'Koltushi');
insert into  sales.customers (customer_id, full_name, city) values (25, 'Fernandina Agiolfinger', null);
insert into  sales.customers (customer_id, full_name, city) values (26, 'Linette Samett', 'Waipawa');
insert into  sales.customers (customer_id, full_name, city) values (27, 'Eugenie Aldhouse', null);
insert into  sales.customers (customer_id, full_name, city) values (28, 'Francklyn Ludlem', 'Huanggangshan');
insert into  sales.customers (customer_id, full_name, city) values (29, 'Nolly Sylvester', 'Jiangkouxu');
insert into  sales.customers (customer_id, full_name, city) values (30, 'Elnore Crawforth', null);
insert into  sales.customers (customer_id, full_name, city) values (31, 'Leopold Bilbey', 'Södertälje');
insert into  sales.customers (customer_id, full_name, city) values (32, 'Wilton Posner', 'Casal da Serra');
insert into  sales.customers (customer_id, full_name, city) values (33, 'Jorge Cuvley', null);
insert into  sales.customers (customer_id, full_name, city) values (34, 'Corrina Piggens', 'Kanghe');
insert into  sales.customers (customer_id, full_name, city) values (35, 'Paulita Kissack', 'Lopatyn');
insert into  sales.customers (customer_id, full_name, city) values (36, 'Milka Spraging', 'Vale de Vila');
insert into  sales.customers (customer_id, full_name, city) values (37, 'Oralle Sames', 'Elassóna');
insert into  sales.customers (customer_id, full_name, city) values (38, 'Andre Haycock', 'Frederico Westphalen');
insert into  sales.customers (customer_id, full_name, city) values (39, 'Emlyn Ohrt', 'Yuannan');
insert into  sales.customers (customer_id, full_name, city) values (40, 'Federico Draye', 'Chengdong');
insert into  sales.customers (customer_id, full_name, city) values (41, 'Barrett Grafton-Herbert', 'Jingyu');
insert into  sales.customers (customer_id, full_name, city) values (42, 'Paulo Scrowson', 'Huantuo');
insert into  sales.customers (customer_id, full_name, city) values (43, 'Gayle Bygrove', 'Volochys’k');
insert into  sales.customers (customer_id, full_name, city) values (44, 'Marcellus Nettle', null);
insert into  sales.customers (customer_id, full_name, city) values (45, 'Mellie Nussey', null);
insert into  sales.customers (customer_id, full_name, city) values (46, 'Karrah Timewell', 'Zhaotong');
insert into  sales.customers (customer_id, full_name, city) values (47, 'Allissa Brandsma', 'Kloulklubed');
insert into  sales.customers (customer_id, full_name, city) values (48, 'Philis Clohisey', 'Hemudu');
insert into  sales.customers (customer_id, full_name, city) values (49, 'Bent Sommerlie', null);
insert into  sales.customers (customer_id, full_name, city) values (50, 'Suzi Cleworth', null);
insert into  sales.customers (customer_id, full_name, city) values (51, 'Ezequiel Wallbutton', 'Jalālpur');
insert into  sales.customers (customer_id, full_name, city) values (52, 'Rawley Wapol', 'Pulap');
insert into  sales.customers (customer_id, full_name, city) values (53, 'Jamey Mayo', 'Sollebrunn');
insert into  sales.customers (customer_id, full_name, city) values (54, 'Reggie Brawson', null);
insert into  sales.customers (customer_id, full_name, city) values (55, 'Stillmann Lakeland', null);
insert into  sales.customers (customer_id, full_name, city) values (56, 'Royall Tumelty', 'Majan');
insert into  sales.customers (customer_id, full_name, city) values (57, 'Venita MacCrachen', 'Faaa');
insert into  sales.customers (customer_id, full_name, city) values (58, 'Spense Farrar', 'Klemunan');
insert into  sales.customers (customer_id, full_name, city) values (59, 'Arvin Velez', null);
insert into  sales.customers (customer_id, full_name, city) values (60, 'Kimbell Blagden', null);
insert into  sales.customers (customer_id, full_name, city) values (61, 'Lorilyn O''Donoghue', 'Pingshan');
insert into  sales.customers (customer_id, full_name, city) values (62, 'Dillon August', 'Bitkine');
insert into  sales.customers (customer_id, full_name, city) values (63, 'Elden Djekic', 'Gyeongsan-si');
insert into  sales.customers (customer_id, full_name, city) values (64, 'Mehetabel Treadaway', 'San Roque');
insert into  sales.customers (customer_id, full_name, city) values (65, 'Hertha Findlow', 'Salcedo');
insert into  sales.customers (customer_id, full_name, city) values (66, 'Dannye McArt', 'Lutian');
insert into  sales.customers (customer_id, full_name, city) values (67, 'Markos Longstreeth', 'Altenberg bei Linz');
insert into  sales.customers (customer_id, full_name, city) values (68, 'Maegan Corp', null);
insert into  sales.customers (customer_id, full_name, city) values (69, 'Shawnee Noades', null);
insert into  sales.customers (customer_id, full_name, city) values (70, 'Alexa Revett', 'Santa Bárbara');
insert into  sales.customers (customer_id, full_name, city) values (71, 'Mikel Stroyan', 'Miānwāli');
insert into  sales.customers (customer_id, full_name, city) values (72, 'Marybelle Snawden', 'Colorado Springs');
insert into  sales.customers (customer_id, full_name, city) values (73, 'Darby Grishukhin', 'Várzea');
insert into  sales.customers (customer_id, full_name, city) values (74, 'Andres Falcus', null);
insert into  sales.customers (customer_id, full_name, city) values (75, 'Fredek Clementet', null);
insert into  sales.customers (customer_id, full_name, city) values (76, 'Noak Spoward', 'Chigan');
insert into  sales.customers (customer_id, full_name, city) values (77, 'Kienan Lawles', 'Sanzhang');
insert into  sales.customers (customer_id, full_name, city) values (78, 'Chickie Allworthy', 'Osias');
insert into  sales.customers (customer_id, full_name, city) values (79, 'Raphael Eddow', 'Granada');
insert into  sales.customers (customer_id, full_name, city) values (80, 'Agna Hynd', 'Souto');
insert into  sales.customers (customer_id, full_name, city) values (81, 'Kendrick Ambroix', 'Lianxia');
insert into  sales.customers (customer_id, full_name, city) values (82, 'Brewster Savatier', 'Cergy-Pontoise');
insert into  sales.customers (customer_id, full_name, city) values (83, 'Cristabel Flude', 'Melati');
insert into  sales.customers (customer_id, full_name, city) values (84, 'Arlen Burgen', 'Cikandang');
insert into  sales.customers (customer_id, full_name, city) values (85, 'Daria Thoresby', null);
insert into  sales.customers (customer_id, full_name, city) values (86, 'Leroi Crippes', null);
insert into  sales.customers (customer_id, full_name, city) values (87, 'Gerladina Davers', 'Touba');
insert into  sales.customers (customer_id, full_name, city) values (88, 'Lynett Austing', 'Carlos Casares');
insert into  sales.customers (customer_id, full_name, city) values (89, 'Stearn Hawkin', null);
insert into  sales.customers (customer_id, full_name, city) values (90, 'Nerte Perrinchief', null);
insert into  sales.customers (customer_id, full_name, city) values (91, 'Kellia Archard', 'Hoboksar');
insert into  sales.customers (customer_id, full_name, city) values (92, 'Casey Gummer', 'Pyu');
insert into  sales.customers (customer_id, full_name, city) values (93, 'Leonard Bern', null);
insert into  sales.customers (customer_id, full_name, city) values (94, 'Juliana Josefsson', 'Baiyang');
insert into  sales.customers (customer_id, full_name, city) values (95, 'D''arcy Middler', 'Ancenis');
insert into  sales.customers (customer_id, full_name, city) values (96, 'Cherin Porrett', null);
insert into  sales.customers (customer_id, full_name, city) values (97, 'Faith Hutcheon', 'Debre Mark’os');
insert into  sales.customers (customer_id, full_name, city) values (98, 'Rodge Laxe', null);
insert into  sales.customers (customer_id, full_name, city) values (99, 'Victoria Allott', 'Lions Bay');
insert into  sales.customers (customer_id, full_name, city) values (100, 'Brendan Coathup', null);


insert into sales.employees (employee_id, full_name, phone, email, salary) values ('9a02c597-0c50-4a52-af21-3ff84bece1aa', 'Pascal Shetliff', '139-688-1102', 'pshetliff0@nsw.gov.au', 1309672);
insert into sales.employees (employee_id, full_name, phone, email, salary) values ('195266c1-510e-4d3f-af79-f6352ebbb3ab', 'Caresa Poynor', '834-503-2591', 'cpoynor1@canalblog.com', 772014);
insert into sales.employees (employee_id, full_name, phone, email, salary) values ('1a67f541-10ec-412f-9169-7c0e0cf71f2d', 'Aurelie Mellhuish', '267-394-1220', 'amellhuish2@latimes.com', 1545305);
insert into sales.employees (employee_id, full_name, phone, email, salary) values ('54a6b20b-425c-4eea-ac4f-4820eea705de', 'Joann Bellinger', '537-456-8960', 'jbellinger3@clickbank.net', 1825640);
insert into sales.employees (employee_id, full_name, phone, email, salary) values ('597a585e-dc5b-4f61-a6a7-48d342c580ed', 'Verney Trafford', '988-286-5179', 'vtrafford4@google.ca', 1007958);
insert into sales.employees (employee_id, full_name, phone, email, salary) values ('6b1cf616-8d1b-456a-af27-4e179c2880fc', 'Nichols Joslyn', '652-636-8936', 'njoslyn5@theguardian.com', 1763002);
insert into sales.employees (employee_id, full_name, phone, email, salary) values ('c7ffe127-734c-4b30-abfb-a4f588befda6', 'Patrica Jorez', '118-855-0852', 'pjorez6@netvibes.com', 1822922);
insert into sales.employees (employee_id, full_name, phone, email, salary) values ('4d668dde-5e81-4445-8d9a-36f9b278d7c3', 'Brandon Montford', '880-539-8550', 'bmontford7@nydailynews.com', 449639);
insert into sales.employees (employee_id, full_name, phone, email, salary) values ('e4bc200b-7913-4909-9763-74f94730935e', 'Car Gravestone', '545-878-5075', 'cgravestone8@zimbio.com', 408877);
insert into sales.employees (employee_id, full_name, phone, email, salary) values ('9c656536-568a-4baa-9a2a-64dc046b5265', 'Axe Mansford', '193-779-2376', 'amansford9@spotify.com', 1376601);
insert into sales.employees (employee_id, full_name, phone, email, salary) values ('3601dc67-7bba-4504-ba38-3e17aa03cbf6', 'Had Spratt', '485-965-5453', 'hspratta@baidu.com', 1020331);
insert into sales.employees (employee_id, full_name, phone, email, salary) values ('ddbd10d4-9ba9-4315-870e-1efb4afb390a', 'Genny Yuranovev', '698-971-9052', 'gyuranovevb@addthis.com', 1075376);
insert into sales.employees (employee_id, full_name, phone, email, salary) values ('2a1bffd6-061c-4522-a91c-bd305766fe89', 'Merilee Freschi', '511-843-7055', 'mfreschic@wisc.edu', 911633);
insert into sales.employees (employee_id, full_name, phone, email, salary) values ('f31a87b7-4c56-41f3-ad5d-25e6cc020d38', 'Bealle Croci', '578-568-3645', 'bcrocid@samsung.com', 519212);
insert into sales.employees (employee_id, full_name, phone, email, salary) values ('aa7b5587-6a2a-4a30-be9a-5e9e863f98c6', 'Morse Dietmar', '857-441-6875', 'mdietmare@exblog.jp', 1225656);
insert into sales.employees (employee_id, full_name, phone, email, salary) values ('79cbd6b4-e283-4c64-b413-4f952da97262', 'Allin Trustram', '330-333-2943', 'atrustramf@joomla.org', 1891483);
insert into sales.employees (employee_id, full_name, phone, email, salary) values ('ea6b60e5-1868-46c4-bb8e-5fecec31d1b5', 'Claudell Crole', '410-152-3349', 'ccroleg@cloudflare.com', 120237);
insert into sales.employees (employee_id, full_name, phone, email, salary) values ('d56efc7f-4296-4994-b0bd-668dd3fa6558', 'Markus McFie', '272-883-0144', 'mmcfieh@shop-pro.jp', 1302794);
insert into sales.employees (employee_id, full_name, phone, email, salary) values ('e3ae009f-688f-496b-9792-220265d26817', 'Willette Hedman', '748-813-4357', 'whedmani@1688.com', 491415);
insert into sales.employees (employee_id, full_name, phone, email, salary) values ('46ddddb8-8f58-4b69-8158-d6e9e822ce56', 'Dario Godehard.sf', '922-655-1285', 'dgodehardsfj@odnoklassniki.ru', 1081275);
insert into sales.employees (employee_id, full_name, phone, email, salary) values ('bbf690f9-cc1d-404f-801a-c4f9f58359c5', 'Perry Joffe', '563-316-8751', 'pjoffek@about.com', 498064);
insert into sales.employees (employee_id, full_name, phone, email, salary) values ('c3e2e360-b1ff-4720-8a9b-a48e4558ef86', 'Starla Cromar', '701-846-1459', 'scromarl@rediff.com', 1595852);
insert into sales.employees (employee_id, full_name, phone, email, salary) values ('41c06ae9-a9c5-4e50-bae2-61bdbd22cae2', 'Kippar Iredell', '738-886-4074', 'kiredellm@yandex.ru', 1945945);
insert into sales.employees (employee_id, full_name, phone, email, salary) values ('52686405-54ed-4809-a159-75c18bfe9180', 'Todd Bonnavant', '841-774-5784', 'tbonnavantn@booking.com', 497629);
insert into sales.employees (employee_id, full_name, phone, email, salary) values ('08d2690b-03fa-48e6-87cc-b6e7762ed8f1', 'Auguste Hattoe', '610-753-3182', 'ahattoeo@ihg.com', 984381);
insert into sales.employees (employee_id, full_name, phone, email, salary) values ('c5f6f9b1-8fca-4415-8e78-c49d593e13be', 'Gwyn Rubinivitz', '104-227-5231', 'grubinivitzp@github.io', 1556162);
insert into sales.employees (employee_id, full_name, phone, email, salary) values ('46377037-2ed2-4140-a00a-d4bb68b30768', 'Galvan Hainey`', '858-525-5425', 'ghaineyq@istockphoto.com', 1070665);
insert into sales.employees (employee_id, full_name, phone, email, salary) values ('59578047-44db-455a-851e-a25b0a0e5f09', 'Carlynn Sweeting', '468-106-7372', 'csweetingr@cargocollective.com', 440322);
insert into sales.employees (employee_id, full_name, phone, email, salary) values ('93bf2d81-635c-4c6a-be1d-52f7be0b23de', 'Missy Sacase', '666-818-9152', 'msacases@kickstarter.com', 430950);
insert into sales.employees (employee_id, full_name, phone, email, salary) values ('66812cb9-bdb4-4060-86f3-fda9d03f4931', 'Bria Fulle', '968-656-4745', 'bfullet@google.es', 846674);
insert into sales.employees (employee_id, full_name, phone, email, salary) values ('63659859-a892-415e-9489-4f662ef62534', 'Jasun Frisel', '910-903-5384', 'jfriselu@bbc.co.uk', 1864933);
insert into sales.employees (employee_id, full_name, phone, email, salary) values ('84390670-aed1-43be-85a0-33ed9156893e', 'Zora Gasgarth', '439-234-0555', 'zgasgarthv@feedburner.com', 461880);
insert into sales.employees (employee_id, full_name, phone, email, salary) values ('b9ff23a1-bf79-4ad1-a657-6d97bfa05797', 'Carma Evans', '926-329-8893', 'cevansw@japanpost.jp', 622541);
insert into sales.employees (employee_id, full_name, phone, email, salary) values ('48cf94d6-cf59-41ec-91bd-db58e3e3ee90', 'Orren McCook', '728-221-7374', 'omccookx@oracle.com', 1259293);
insert into sales.employees (employee_id, full_name, phone, email, salary) values ('ab30688f-ba28-49d5-ac28-c9393ad1b112', 'Marinna Thying', '225-496-5688', 'mthyingy@booking.com', 1725229);
insert into sales.employees (employee_id, full_name, phone, email, salary) values ('70a5bb43-e181-4550-bd7a-966777bedd5b', 'Bess Charrett', '719-226-3155', 'bcharrettz@cpanel.net', 1804030);
insert into sales.employees (employee_id, full_name, phone, email, salary) values ('4518ef52-74dc-47d1-82a6-4e32fc09824c', 'Freemon Rumin', '408-956-9374', 'frumin10@microsoft.com', 1717522);
insert into sales.employees (employee_id, full_name, phone, email, salary) values ('06781b8b-4896-437c-9fd5-356f5dadb5c3', 'Cora Wrey', '890-924-5878', 'cwrey11@weebly.com', 168400);
insert into sales.employees (employee_id, full_name, phone, email, salary) values ('366d448e-f3a7-4984-9570-c82baa616439', 'Rodrique Corona', '511-451-5993', 'rcorona12@newsvine.com', 468725);
insert into sales.employees (employee_id, full_name, phone, email, salary) values ('ac2c5543-adbe-4d33-a760-e273fed8845d', 'Annaliese Strete', '849-539-3071', 'astrete13@netscape.com', 1130873);
insert into sales.employees (employee_id, full_name, phone, email, salary) values ('604945d6-7d7e-4dd8-88b1-95fd5e63b080', 'Jemmie Milkeham', '944-481-5305', 'jmilkeham14@springer.com', 1839015);
insert into sales.employees (employee_id, full_name, phone, email, salary) values ('dbcdd716-644f-4b7d-9148-bad5d357633d', 'Valencia Fadell', '942-812-0813', 'vfadell15@t.co', 1224893);
insert into sales.employees (employee_id, full_name, phone, email, salary) values ('d2ed4e37-79f9-4c25-8e07-af2437db9832', 'Bordy Vearncombe', '293-878-9434', 'bvearncombe16@de.vu', 570645);
insert into sales.employees (employee_id, full_name, phone, email, salary) values ('578ece3e-3ca9-43ad-aab6-35b715ccf2eb', 'Timothea Meenehan', '826-275-4722', 'tmeenehan17@typepad.com', 1694730);
insert into sales.employees (employee_id, full_name, phone, email, salary) values ('3d0ebe24-e19b-4ab6-9968-28c0480cacbf', 'Hy Tibald', '512-284-5123', 'htibald18@51.la', 487986);
insert into sales.employees (employee_id, full_name, phone, email, salary) values ('67d85e63-a045-4453-a4d8-f4bdb0dd63c8', 'Anthe Froude', '936-703-7268', 'afroude19@fema.gov', 1811146);
insert into sales.employees (employee_id, full_name, phone, email, salary) values ('2876abb9-c99f-4846-b509-33e2bc2e555b', 'Clay Kenson', '872-655-5857', 'ckenson1a@bravesites.com', 782200);
insert into sales.employees (employee_id, full_name, phone, email, salary) values ('e8faccf7-329c-44ae-abbd-dbfc3236897f', 'Michelina Newlan', '502-663-6654', 'mnewlan1b@imageshack.us', 280993);
insert into sales.employees (employee_id, full_name, phone, email, salary) values ('642f0c1b-f360-4d70-a46a-a72e5152140c', 'Paulina Bear', '293-673-5932', 'pbear1c@ebay.co.uk', 1125731);
insert into sales.employees (employee_id, full_name, phone, email, salary) values ('29983f6b-c9a0-41f9-a6ed-21a4f393164a', 'Hernando Mosten', '186-575-6307', 'hmosten1d@about.me', 1483500);
insert into sales.employees (employee_id, full_name, phone, email, salary) values ('0f9c0889-7650-4bf9-ab4c-47230ef2eabf', 'Alysia Simonnin', '732-869-7453', 'asimonnin1e@github.io', 110480);
insert into sales.employees (employee_id, full_name, phone, email, salary) values ('088a6a8b-4392-4ec4-8b10-9e07665136f5', 'Roarke Rudman', '973-829-7477', 'rrudman1f@fema.gov', 1457780);
insert into sales.employees (employee_id, full_name, phone, email, salary) values ('6971a52e-2c80-41b7-9138-fe879c03321d', 'Ivor Nigh', '861-580-2983', 'inigh1g@yellowbook.com', 1797157);
insert into sales.employees (employee_id, full_name, phone, email, salary) values ('be762465-14ea-4d02-b3fb-d4c84cafb652', 'Kristyn Mathys', '855-909-2550', 'kmathys1h@goo.gl', 1675765);
insert into sales.employees (employee_id, full_name, phone, email, salary) values ('3ac67207-16e1-4df9-9f63-1b72dc10e73d', 'Glad Stoyell', '963-809-5110', 'gstoyell1i@oaic.gov.au', 428146);
insert into sales.employees (employee_id, full_name, phone, email, salary) values ('e3555716-1914-4ebe-956e-ada10b1b6d2a', 'Benni Kubat', '176-930-5623', 'bkubat1j@blog.com', 1358368);
insert into sales.employees (employee_id, full_name, phone, email, salary) values ('bcb0fe6a-7c50-4e6c-9af4-974aa03c0dab', 'Kahaleel Frood', '394-974-3760', 'kfrood1k@youtube.com', 643963);
insert into sales.employees (employee_id, full_name, phone, email, salary) values ('0310c87f-d63c-4cfe-bc6c-3675a2d0323f', 'Thia Bodega', '143-384-4839', 'tbodega1l@webmd.com', 584048);
insert into sales.employees (employee_id, full_name, phone, email, salary) values ('8f41afd1-260c-414a-b7af-9388e4b4aa2f', 'Arne Dahlberg', '818-540-4382', 'adahlberg1m@hostgator.com', 1606477);
insert into sales.employees (employee_id, full_name, phone, email, salary) values ('7745277e-aa2d-4f3f-8d01-e88af64f9ff2', 'Anne-marie Fripps', '217-163-6573', 'afripps1n@facebook.com', 854797);
insert into sales.employees (employee_id, full_name, phone, email, salary) values ('74d67bb3-8a73-4742-b62e-1931a9075b16', 'Giana Sprankling', '122-964-1229', 'gsprankling1o@un.org', 1553593);
insert into sales.employees (employee_id, full_name, phone, email, salary) values ('837a9561-0ee1-400a-bc9e-8c88715290f6', 'Tana Schurig', '547-484-7185', 'tschurig1p@vinaora.com', 977252);
insert into sales.employees (employee_id, full_name, phone, email, salary) values ('4e368731-4d01-4e1f-814f-8223b33d606c', 'Chantal Phillimore', '108-396-9460', 'cphillimore1q@fda.gov', 102228);
insert into sales.employees (employee_id, full_name, phone, email, salary) values ('06577403-213e-4778-9fe6-f34781c51951', 'Farrah Chaffe', '894-607-3031', 'fchaffe1r@hhs.gov', 1751722);
insert into sales.employees (employee_id, full_name, phone, email, salary) values ('0722d402-31ed-489c-9db4-d4c7e4821af4', 'Ellyn Partleton', '100-951-2375', 'epartleton1s@jiathis.com', 749292);
insert into sales.employees (employee_id, full_name, phone, email, salary) values ('26211f5a-b9d7-4120-8318-c70c73b40609', 'Willy Lethley', '342-838-5601', 'wlethley1t@ifeng.com', 1097874);
insert into sales.employees (employee_id, full_name, phone, email, salary) values ('34a5e6b6-2d10-430d-992b-6da368566e9c', 'Di Aaron', '874-880-5139', 'daaron1u@ameblo.jp', 382864);
insert into sales.employees (employee_id, full_name, phone, email, salary) values ('6a2364ce-7a7c-4b71-83c2-48bf25bdf731', 'Egbert Cuppitt', '301-148-6586', 'ecuppitt1v@goo.gl', 492387);
insert into sales.employees (employee_id, full_name, phone, email, salary) values ('b2149f85-4ba0-4988-a9b6-c3ff29c8b500', 'Karina Oehme', '507-874-0971', 'koehme1w@nationalgeographic.com', 1715195);
insert into sales.employees (employee_id, full_name, phone, email, salary) values ('15ab43d5-37a6-40ad-b963-6eaa51c2a420', 'Nananne Hatchette', '667-862-8068', 'nhatchette1x@multiply.com', 447624);
insert into sales.employees (employee_id, full_name, phone, email, salary) values ('2af3c353-6e5f-4779-a399-ba4ae21df9e4', 'Levi O''Corrigane', '899-145-8144', 'locorrigane1y@loc.gov', 1552529);
insert into sales.employees (employee_id, full_name, phone, email, salary) values ('f4e18ffc-23da-45df-853e-0d949cf2a432', 'Darcy Mardoll', '673-959-2191', 'dmardoll1z@freewebs.com', 1368463);
insert into sales.employees (employee_id, full_name, phone, email, salary) values ('f15a52c4-09f6-426b-9975-26f5315812e1', 'Neal Cisec', '534-662-9646', 'ncisec20@princeton.edu', 1956036);
insert into sales.employees (employee_id, full_name, phone, email, salary) values ('a55c44b8-7458-40a6-9455-3d09517cedaa', 'Aurie Verrechia', '844-759-3429', 'averrechia21@angelfire.com', 1152322);
insert into sales.employees (employee_id, full_name, phone, email, salary) values ('54683877-c3b6-4b50-9264-8f0993c373bd', 'Antoni Fetherstan', '344-574-8070', 'afetherstan22@smh.com.au', 846594);
insert into sales.employees (employee_id, full_name, phone, email, salary) values ('8c1a3e85-b58c-4d8c-b8fe-98943c81ed6d', 'Shamus Dragonette', '493-584-0449', 'sdragonette23@ucoz.ru', 1643994);
insert into sales.employees (employee_id, full_name, phone, email, salary) values ('7715f73e-40a2-446b-9ea9-628dd3b2134d', 'Miguelita Rowden', '875-706-3337', 'mrowden24@barnesandnoble.com', 1277084);
insert into sales.employees (employee_id, full_name, phone, email, salary) values ('25990b93-ebf0-486e-8885-4eb2bd1b6dc3', 'Lara Nacci', '646-113-5873', 'lnacci25@nyu.edu', 1930663);
insert into sales.employees (employee_id, full_name, phone, email, salary) values ('eeccfe6c-69a2-4621-a5a2-c499babd6915', 'Victoria Seamark', '978-775-3027', 'vseamark26@bing.com', 1723639);
insert into sales.employees (employee_id, full_name, phone, email, salary) values ('2d6f4cc5-1d63-4185-90c6-1548a7997e8f', 'Charla Breede', '574-567-1200', 'cbreede27@amazon.co.jp', 888820);
insert into sales.employees (employee_id, full_name, phone, email, salary) values ('2a1b3c6f-a7e6-4e2e-a8d3-dc4af93ee03f', 'Dur Stonbridge', '532-318-0584', 'dstonbridge28@alexa.com', 564609);
insert into sales.employees (employee_id, full_name, phone, email, salary) values ('d25e412f-1f21-4849-adbd-9906a084a21e', 'Calli Bryceson', '983-607-2248', 'cbryceson29@sakura.ne.jp', 1175979);
insert into sales.employees (employee_id, full_name, phone, email, salary) values ('2054d944-8e1f-4cc9-970a-95da27f5730f', 'Rudy Pebworth', '256-106-9004', 'rpebworth2a@edublogs.org', 1512536);
insert into sales.employees (employee_id, full_name, phone, email, salary) values ('f61ae3a4-2abe-468c-af7c-3a0e2bdacce4', 'Rey Huggens', '410-587-1837', 'rhuggens2b@deliciousdays.com', 1166338);
insert into sales.employees (employee_id, full_name, phone, email, salary) values ('3a077ad8-0c6b-47ee-8216-a1c24f9d5647', 'Krisha Manger', '194-187-2551', 'kmanger2c@chron.com', 523774);
insert into sales.employees (employee_id, full_name, phone, email, salary) values ('bc27aa25-2605-40e8-a7cd-ee07d06e4229', 'Nola Timmis', '623-866-3819', 'ntimmis2d@acquirethisname.com', 774485);
insert into sales.employees (employee_id, full_name, phone, email, salary) values ('07487fd7-5708-4fb4-9003-dca25afd874b', 'Price Waby', '703-654-9638', 'pwaby2e@liveinternet.ru', 1356924);
insert into sales.employees (employee_id, full_name, phone, email, salary) values ('fea2e606-28d9-4d4c-ae8a-a3da856ff685', 'Leilah Jansky', '221-800-7609', 'ljansky2f@jalbum.net', 1660781);
insert into sales.employees (employee_id, full_name, phone, email, salary) values ('de2397b6-1d9b-4df4-9d74-7626b42b5bb7', 'Antoni Quilleash', '633-100-7009', 'aquilleash2g@list-manage.com', 768502);
insert into sales.employees (employee_id, full_name, phone, email, salary) values ('cfefa380-e774-4717-9d08-505b86930d0b', 'Fran Lalevee', '334-395-9742', 'flalevee2h@wired.com', 1909400);
insert into sales.employees (employee_id, full_name, phone, email, salary) values ('9d191abd-e175-466c-b04d-0c8ea4f2ee1c', 'Maryellen Pearsey', '743-221-9883', 'mpearsey2i@php.net', 632768);
insert into sales.employees (employee_id, full_name, phone, email, salary) values ('aaae10b5-7821-4ba9-8f4b-a6aee938cfad', 'Carolin Boecke', '637-882-7083', 'cboecke2j@canalblog.com', 1990114);
insert into sales.employees (employee_id, full_name, phone, email, salary) values ('28231538-57fb-44eb-a18e-0ee6e5f36d07', 'Liane Prinett', '923-239-9360', 'lprinett2k@g.co', 788639);
insert into sales.employees (employee_id, full_name, phone, email, salary) values ('68cc5089-0506-4c33-bad1-474ece934a9a', 'Irwinn Wreath', '816-809-6245', 'iwreath2l@illinois.edu', 205014);
insert into sales.employees (employee_id, full_name, phone, email, salary) values ('730a35c6-7361-4a73-b950-d1193b28be0b', 'Heath Hissett', '384-401-3014', 'hhissett2m@technorati.com', 1881614);
insert into sales.employees (employee_id, full_name, phone, email, salary) values ('2ac1e7fe-45aa-4451-b786-eceef0ff27fe', 'Becka Martinot', '420-561-0081', 'bmartinot2n@tinypic.com', 1020852);
insert into sales.employees (employee_id, full_name, phone, email, salary) values ('81f856ba-9db7-4da9-9d83-40dee40e1a44', 'Ebonee Featenby', '293-785-6806', 'efeatenby2o@army.mil', 580023);
insert into sales.employees (employee_id, full_name, phone, email, salary) values ('3c5a8491-de21-4bd6-b0ce-2a96b7cb67f4', 'Burch Ripper', '435-484-1424', 'bripper2p@ebay.com', 1860127);
insert into sales.employees (employee_id, full_name, phone, email, salary) values ('e24e9479-8a12-4fcf-a6d2-b29609a08712', 'Idell Rens', '640-381-0894', 'irens2q@comsenz.com', 1665837);
insert into sales.employees (employee_id, full_name, phone, email, salary) values ('5ce00b40-fca6-4d0c-9f3a-af81ab0cbc59', 'Sammy Kropp', '144-275-0448', 'skropp2r@mapquest.com', 963062);
# Rows:
​



insert  into sales.vendors values (1)
insert  into sales.vendors values (2)
insert  into sales.vendors values (3)
insert  into sales.vendors values (4)
insert  into sales.vendors values (5)
insert  into sales.vendors values (6)
insert  into sales.vendors values (7)
insert  into sales.vendors values (8)
insert  into sales.vendors values (9)
insert  into sales.vendors values (10)
insert  into sales.vendors values (11)
insert  into sales.vendors values (12)
insert  into sales.vendors values (13)
insert  into sales.vendors values (14)
insert  into sales.vendors values (15)
insert  into sales.vendors values (16)
insert  into sales.vendors values (17)
insert  into sales.vendors values (18)
insert  into sales.vendors values (19)
insert  into sales.vendors values (20)
insert  into sales.vendors values (21)
insert  into sales.vendors values (22)
insert  into sales.vendors values (23)
insert  into sales.vendors values (24)
insert  into sales.vendors values (25)
insert  into sales.vendors values (26)
insert  into sales.vendors values (27)
insert  into sales.vendors values (28)
insert  into sales.vendors values (29)
insert  into sales.vendors values (30)
insert  into sales.vendors values (31)
insert  into sales.vendors values (32)
insert  into sales.vendors values (33)
insert  into sales.vendors values (34)
insert  into sales.vendors values (35)
insert  into sales.vendors values (36)
insert  into sales.vendors values (37)
insert  into sales.vendors values (38)
insert  into sales.vendors values (39)
insert  into sales.vendors values (40)
insert  into sales.vendors values (41)
insert  into sales.vendors values (42)
insert  into sales.vendors values (43)
insert  into sales.vendors values (44)
insert  into sales.vendors values (45)
insert  into sales.vendors values (46)
insert  into sales.vendors values (47)
insert  into sales.vendors values (48)
insert  into sales.vendors values (49)
insert  into sales.vendors values (50)
insert  into sales.vendors values (51)
insert  into sales.vendors values (52)
insert  into sales.vendors values (53)
insert  into sales.vendors values (54)
insert  into sales.vendors values (55)
insert  into sales.vendors values (56)
insert  into sales.vendors values (57)
insert  into sales.vendors values (58)
insert  into sales.vendors values (59)
insert  into sales.vendors values (60)
insert  into sales.vendors values (61)
insert  into sales.vendors values (62)
insert  into sales.vendors values (63)
insert  into sales.vendors values (64)
insert  into sales.vendors values (65)
insert  into sales.vendors values (66)
insert  into sales.vendors values (67)
insert  into sales.vendors values (68)
insert  into sales.vendors values (69)
insert  into sales.vendors values (70)
insert  into sales.vendors values (71)
insert  into sales.vendors values (72)

insert into sales.stores values(1,'New York Walmarket','9-85-76','New City 36','New york');
insert into sales.stores values(2,'Paris Walmarket','9-23-26','Green  36','Paris')
insert into sales.stores values(3,'Nur Sultan Walmarket','2-25-76','Bolashak 36','Nur Sultan')
insert into sales.stores values(4,'Almaty Walmarket','2-33-46','Medeu 36','Almaty')
insert into sales.stores values(5,'Moscou Walmarket','9-25-26','Pobeda 36','Moscou')
insert into sales.stores values(6,'Rio Walmarket ','4-56-23','Granada 36','Rio')
insert into sales.stores values(7,'Berlin Walmarket','2-33-21','Gamburg 36','Berlin')


insert into sales.check (vendor_id, product_id, date, price , store_id) values (56, 101, '7/15/2021', 16446, 7);
insert into sales.check  (vendor_id, product_id, date, price , store_id) values (6, 29, '7/20/2021', 34484, 5);
insert into sales.check  (vendor_id, product_id, date, price , store_id) values (70, 22, '1/12/2021', 49289, 5);
insert into sales.check  (vendor_id, product_id, date, price , store_id) values (65, 73, '9/3/2021', 45426, 1);
insert into sales.check  (vendor_id, product_id, date, price , store_id) values (69, 82, '7/21/2021', 98826, 2);
insert into sales.check  (vendor_id, product_id, date, price , store_id) values (34, 22, '3/11/2021', 93374, 6);
insert into sales.check  (vendor_id, product_id, date, price , store_id) values (26, 33, '6/12/2021', 59417, 2);
insert into sales.check  (vendor_id, product_id, date, price , store_id) values (6, 15, '2/11/2021', 17631, 1);
insert into sales.check  (vendor_id, product_id, date, price , store_id) values (65, 95, '2/5/2021', 14602, 2);
insert into sales.check  (vendor_id, product_id, date, price , store_id) values (43, 65, '4/15/2021', 40545, 1);
insert into sales.check  (vendor_id, product_id, date, price , store_id) values (40, 108, '6/5/2021', 21652, 1);
insert into sales.check  (vendor_id, product_id, date, price , store_id) values (20, 8, '1/15/2021', 39729, 6);
insert into sales.check  (vendor_id, product_id, date, price , store_id) values (45, 100, '3/17/2021', 77436, 1);
insert into sales.check  (vendor_id, product_id, date, price , store_id) values (2, 81, '10/25/2021', 57961, 7);
insert into sales.check  (vendor_id, product_id, date, price , store_id) values (51, 68, '1/26/2021', 4703, 3);
insert into sales.check  (vendor_id, product_id, date, price , store_id) values (28, 74, '1/26/2021', 92053, 1);
insert into sales.check  (vendor_id, product_id, date, price , store_id) values (54, 88, '7/31/2021', 96380, 1);
insert into sales.check  (vendor_id, product_id, date, price , store_id) values (35, 30, '7/29/2021', 18050, 4);
insert into sales.check  (vendor_id, product_id, date, price , store_id) values (53, 78, '3/31/2021', 97605, 6);
insert into sales.check  (vendor_id, product_id, date, price , store_id) values (20, 95, '9/25/2021', 39482, 4);
insert into sales.check  (vendor_id, product_id, date, price , store_id) values (24, 73, '7/7/2021', 86232, 5);
insert into sales.check  (vendor_id, product_id, date, price , store_id) values (48, 73, '1/4/2021', 76938, 5);
insert into sales.check  (vendor_id, product_id, date, price , store_id) values (27, 57, '8/22/2021', 190, 4);
insert into sales.check  (vendor_id, product_id, date, price , store_id) values (47, 92, '4/10/2021', 66893, 2);
insert into sales.check  (vendor_id, product_id, date, price , store_id) values (40, 42, '1/17/2021', 42789, 5);
insert into sales.check  (vendor_id, product_id, date, price , store_id) values (55, 30, '6/9/2021', 14575, 2);
insert into sales.check  (vendor_id, product_id, date, price , store_id) values (41, 99, '7/16/2021', 13831, 2);
insert into sales.check  (vendor_id, product_id, date, price , store_id) values (17, 41, '9/26/2021', 31379, 4);
insert into sales.check  (vendor_id, product_id, date, price , store_id) values (53, 100, '11/5/2021', 207, 6);
insert into sales.check  (vendor_id, product_id, date, price , store_id) values (60, 101, '3/7/2021', 3510, 2);
insert into sales.check  (vendor_id, product_id, date, price , store_id) values (4, 106, '2/18/2021', 30842, 2);
insert into sales.check  (vendor_id, product_id, date, price , store_id) values (14, 39, '7/21/2021', 42810, 4);
insert into sales.check  (vendor_id, product_id, date, price , store_id) values (15, 59, '5/9/2021', 98346, 7);
insert into sales.check  (vendor_id, product_id, date, price , store_id) values (32, 101, '7/6/2021', 28097, 7);
insert into sales.check  (vendor_id, product_id, date, price , store_id) values (28, 24, '6/4/2021', 71137, 5);
insert into sales.check  (vendor_id, product_id, date, price , store_id) values (23, 25, '9/8/2021', 68778, 1);
insert into sales.check  (vendor_id, product_id, date, price , store_id) values (12, 61, '8/12/2021', 27353, 1);
insert into sales.check  (vendor_id, product_id, date, price , store_id) values (25, 47, '5/17/2021', 44677, 4);
insert into sales.check  (vendor_id, product_id, date, price , store_id) values (11, 52, '6/29/2021', 84465, 1);
insert into sales.check  (vendor_id, product_id, date, price , store_id) values (18, 103, '10/2/2021', 76143, 1);
insert into sales.check  (vendor_id, product_id, date, price , store_id) values (8, 96, '9/27/2021', 14549, 3);
insert into sales.check  (vendor_id, product_id, date, price , store_id) values (56, 13, '7/4/2021', 430, 6);
insert into sales.check  (vendor_id, product_id, date, price , store_id) values (39, 30, '5/31/2021', 48285, 3);
insert into sales.check  (vendor_id, product_id, date, price , store_id) values (15, 7, '10/13/2021', 86042, 4);
insert into sales.check  (vendor_id, product_id, date, price , store_id) values (42, 18, '5/7/2021', 64820, 6);
insert into sales.check  (vendor_id, product_id, date, price , store_id) values (63, 54, '10/31/2021', 78214, 2);
insert into sales.check  (vendor_id, product_id, date, price , store_id) values (58, 114, '4/2/2021', 28983, 3);
insert into sales.check  (vendor_id, product_id, date, price , store_id) values (11, 68, '3/18/2021', 521, 6);
insert into sales.check  (vendor_id, product_id, date, price , store_id) values (71, 29, '2/25/2021', 57442, 6);
insert into sales.check  (vendor_id, product_id, date, price , store_id) values (69, 56, '3/10/2021', 92675, 1);
insert into sales.check  (vendor_id, product_id, date, price , store_id) values (24, 25, '1/30/2021', 92306, 5);
insert into sales.check  (vendor_id, product_id, date, price , store_id) values (70, 120, '4/4/2021', 9793, 3);
insert into sales.check  (vendor_id, product_id, date, price , store_id) values (48, 32, '6/16/2021', 25334, 7);
insert into sales.check  (vendor_id, product_id, date, price , store_id) values (59, 59, '9/26/2021', 49219, 3);
insert into sales.check  (vendor_id, product_id, date, price , store_id) values (13, 99, '4/2/2021', 55331, 3);
insert into sales.check  (vendor_id, product_id, date, price , store_id) values (68, 116, '6/15/2021', 14330, 5);
insert into sales.check  (vendor_id, product_id, date, price , store_id) values (59, 103, '2/1/2021', 76767, 6);
insert into sales.check  (vendor_id, product_id, date, price , store_id) values (35, 109, '9/2/2021', 52254, 2);
insert into sales.check  (vendor_id, product_id, date, price , store_id) values (26, 89, '4/4/2021', 31327, 3);
insert into sales.check  (vendor_id, product_id, date, price , store_id) values (35, 110, '9/2/2021', 80928, 1);
insert into sales.check  (vendor_id, product_id, date, price , store_id) values (65, 3, '3/6/2021', 22144, 6);
insert into sales.check  (vendor_id, product_id, date, price , store_id) values (45, 43, '10/6/2021', 1904, 2);
insert into sales.check  (vendor_id, product_id, date, price , store_id) values (54, 100, '8/3/2021', 33294, 2);
insert into sales.check  (vendor_id, product_id, date, price , store_id) values (23, 61, '4/8/2021', 50577, 2);
insert into sales.check  (vendor_id, product_id, date, price , store_id) values (43, 115, '7/12/2021', 9100, 6);
insert into sales.check  (vendor_id, product_id, date, price , store_id) values (11, 95, '11/4/2021', 71751, 3);
insert into sales.check  (vendor_id, product_id, date, price , store_id) values (3, 57, '5/6/2021', 16189, 4);
insert into sales.check  (vendor_id, product_id, date, price , store_id) values (23, 39, '4/4/2021', 63091, 7);
insert into sales.check  (vendor_id, product_id, date, price , store_id) values (26, 6, '6/29/2021', 63568, 2);
insert into sales.check  (vendor_id, product_id, date, price , store_id) values (34, 91, '7/7/2021', 76417, 7);
insert into sales.check  (vendor_id, product_id, date, price , store_id) values (4, 44, '6/5/2021', 33216, 5);
insert into sales.check  (vendor_id, product_id, date, price , store_id) values (49, 5, '4/2/2021', 3258, 4);
insert into sales.check  (vendor_id, product_id, date, price , store_id) values (25, 16, '4/17/2021', 61397, 3);
insert into sales.check  (vendor_id, product_id, date, price , store_id) values (28, 39, '11/26/2021', 75523, 6);
insert into sales.check  (vendor_id, product_id, date, price , store_id) values (32, 50, '5/11/2021', 95529, 5);
insert into sales.check  (vendor_id, product_id, date, price , store_id) values (32, 50, '10/12/2021', 99872, 5);
insert into sales.check  (vendor_id, product_id, date, price , store_id) values (53, 28, '4/27/2021', 23707, 5);
insert into sales.check  (vendor_id, product_id, date, price , store_id) values (19, 20, '11/27/2021', 62049, 6);
insert into sales.check  (vendor_id, product_id, date, price , store_id) values (27, 53, '12/4/2021', 96581, 5);
insert into sales.check  (vendor_id, product_id, date, price , store_id) values (69, 25, '3/25/2021', 94735, 1);
insert into sales.check  (vendor_id, product_id, date, price , store_id) values (68, 48, '10/6/2021', 39588, 1);
insert into sales.check  (vendor_id, product_id, date, price , store_id) values (30, 4, '5/23/2021', 94144, 2);
insert into sales.check  (vendor_id, product_id, date, price , store_id) values (51, 94, '8/4/2021', 54361, 6);
insert into sales.check  (vendor_id, product_id, date, price , store_id) values (9, 75, '1/22/2021', 29566, 3);
insert into sales.check  (vendor_id, product_id, date, price , store_id) values (20, 118, '1/28/2021', 78070, 6);
insert into sales.check  (vendor_id, product_id, date, price , store_id) values (14, 94, '2/27/2021', 33883, 4);
insert into sales.check  (vendor_id, product_id, date, price , store_id) values (35, 11, '4/1/2021', 87229, 7);
insert into sales.check  (vendor_id, product_id, date, price , store_id) values (33, 87, '5/17/2021', 2854, 3);
insert into sales.check  (vendor_id, product_id, date, price , store_id) values (37, 19, '1/3/2021', 48634, 5);
insert into sales.check  (vendor_id, product_id, date, price , store_id) values (25, 78, '7/18/2021', 29604, 5);
insert into sales.check  (vendor_id, product_id, date, price , store_id) values (25, 115, '4/14/2021', 30775, 5);
insert into sales.check  (vendor_id, product_id, date, price , store_id) values (16, 47, '11/26/2021', 54320, 4);
insert into sales.check  (vendor_id, product_id, date, price , store_id) values (12, 82, '6/11/2021', 80695, 4);
insert into sales.check  (vendor_id, product_id, date, price , store_id) values (50, 24, '7/14/2021', 95878, 4);
insert into sales.check  (vendor_id, product_id, date, price , store_id) values (23, 5, '1/25/2021', 70184, 3);
insert into sales.check  (vendor_id, product_id, date, price , store_id) values (55, 117, '10/5/2021', 86017, 5);
insert into sales.check  (vendor_id, product_id, date, price , store_id) values (7, 56, '5/7/2021', 32567, 7);
insert into sales.check  (vendor_id, product_id, date, price , store_id) values (41, 83, '5/12/2021', 96604, 2);
insert into sales.check  (vendor_id, product_id, date, price , store_id) values (43, 88, '5/8/2021', 58008, 5);
insert into sales.check  (vendor_id, product_id, date, price , store_id) values (26, 93, '7/10/2021', 95134, 4);



insert into sales.check_store values (2,11,'2021-07-27 00:01:00.000000',300,50)
insert into sales.check_store values (7,60,'2021-07-27 00:01:02.000000',300,68)
insert into sales.check_store values (5,80,'2021-07-27 00:03:04.000000',300,50)
insert into sales.check_store values (7,90,'2021-07-27 00:04:50.000000',300,68)
insert into sales.check_store values (2,121,'2021-07-27 00:15:00.000000',300,50)
insert into sales.check_store values (7,100,'2021-07-27 00:16:00.000000',300,68)
insert into sales.check_store values (2,91,'2021-07-27 00:9:00.000000',300,20)
insert into sales.check_store values (5,100,'2021-07-27 00:16:00.000000',300,10)
insert into sales.check_store values (4,80,'2021-07-27 00:14:45.000000',300,40)
insert into sales.check_store values (3,38,'2021-07-27 00:17:00.000000',300,68)
insert into sales.check_store values (2,103,'2021-07-27 00:13:40.000000',300,28)
insert into sales.check_store values (3,90,'2021-07-27 00:21:30.000000',300,28)
insert into sales.check_store values (4,82,'2021-07-27 00:21:21.000000',300,30)
insert into sales.check_store values (7,95,'2021-07-27 00:22:35.000000',300,100)
insert into sales.check_store values (3,11,'2021-07-27 00:20:20.000000',300,34)
insert into sales.check_store values (5,95,'2021-07-27 00:19:51.000000',300,07)

-----------------
insert into sales.check_store values (1,50,'2021-07-27 00:21:00.000000',300,12)
insert into sales.check_store values (2,1,'2021-07-29 00:22:00.000000',300,23)
insert into sales.check_store values (1,2,'2021-07-27 00:22:00.000000',300,34)
insert into sales.check_store values (1,3,'2021-07-27 00:23:30.000000',300,34)
-----------
insert into sales.check_store values (3,100,'2021-07-28 00:20:10.000000',300,11)
insert into sales.check_store values (4,5,'2021-07-28 00:11:00.000000',300,12)
insert into sales.check_store values (5,100,'2021-07-30 00:00:00.000000',300,100)
insert into sales.check_store values (6,111,'2021-07-31 00:00:00.000000',300,98)
insert into sales.check_store values (7,23,'2021-07-20 00:00:00.000000',300,38)
insert into sales.check_store values (7,44,'2021-07-26 00:00:00.000000',300,35)
insert into sales.check_store values (1,122,'2021-07-26 00:00:00.000000',300,35)
insert into sales.check_store values (2,122,'2021-07-26 00:00:00.000000',300,35)
insert into sales.check_store values (2,122,'2021-07-26 00:00:00.000000',300,35)
insert into sales.check_store values (2,122,'2021-07-26 00:00:00.000000',300,35)
insert into sales.check_store values (3,123,'2021-07-26 00:00:00.000000',300,35)
insert into sales.check_store values (4,123,'2021-07-26 00:00:00.000000',300,35)
insert into sales.check_store values (7,123,'2021-07-26 00:00:00.000000',300,35)
insert into sales.check_store values (7,123,'2021-07-26 00:00:00.000000',300,35)
insert into sales.check_store values (7,122,'2021-07-26 00:00:00.000000',300,35)
----
insert into sales.check_store values (1,123,'2021-07-26 00:00:00.000000',3200,35)
insert into sales.check_store values (1,123,'2021-07-26 00:00:00.000000',3000,35)
insert into sales.check_store values (2,122,'2021-07-26 00:00:00.000000',2100,35)
insert into sales.check_store values (3,123,'2021-07-26 00:00:00.000000',3000,35)
insert into sales.check_store values (4,122,'2021-07-26 00:00:00.000000',1000,35)
insert into sales.check_store values (4,123,'2021-07-26 00:00:00.000000',3330,35)
insert into sales.check_store values (7,122,'2021-07-26 00:00:00.000000',3010,19)
insert into sales.check_store values (7,123,'2021-07-26 00:00:00.000000',3300,16)
insert into sales.check_store values (5,122,'2021-07-26 00:00:00.000000',4500,11)
insert into sales.check_store values (6,123,'2021-07-26 00:00:00.000000',510,12)
insert into sales.check_store values (7,122,'2021-07-26 00:00:00.000000',800,34)
insert into sales.check_store values (7,123,'2021-07-26 00:00:00.000000',150,42)
insert into sales.check_store values (7,122,'2021-07-26 00:00:00.000000',600,11)
insert into sales.check_store values (7,123,'2021-07-26 00:00:00.000000',900,33)

insert into sales.check_store values (7,1,'2021-07-26 00:00:00.000000',400,44)
insert into sales.check_store values (7,2,'2021-07-26 00:00:00.000000',400,44)
insert into sales.check_store values (7,3,'2021-07-26 00:00:00.000000',400,44)
insert into sales.check_store values (7,4,'2021-07-26 00:00:00.000000',400,44)
insert into sales.check_store values (7,5,'2021-07-26 00:00:00.000000',400,44)
insert into sales.check_store values (7,6,'2021-07-26 00:00:00.000000',400,44)
insert into sales.check_store values (7,7,'2021-07-26 00:00:00.000000',400,44)
insert into sales.check_store values (7,8,'2021-07-26 00:00:00.000000',400,44)
insert into sales.check_store values (7,13,'2021-07-26 00:00:00.000000',400,44)
insert into sales.check_store values (7,15,'2021-07-26 00:00:00.000000',400,44)
insert into sales.check_store values (7,16,'2021-07-26 00:00:00.000000',400,44)
insert into sales.check_store values (7,17,'2021-07-26 00:00:00.000000',400,44)
insert into sales.check_store values (7,13,'2021-07-26 00:00:00.000000',400,44)
insert into sales.check_store values (7,15,'2021-07-26 00:00:00.000000',400,44)
insert into sales.check_store values (7,16,'2021-07-26 00:00:00.000000',400,44)
insert into sales.check_store values (7,17,'2021-07-26 00:00:00.000000',400,44)
insert into sales.check_store values (7,13,'2021-07-26 00:00:00.000000',400,44)
insert into sales.check_store values (7,15,'2021-07-26 00:00:00.000000',400,44)
insert into sales.check_store values (7,16,'2021-07-26 00:00:00.000000',400,44)
insert into sales.check_store values (7,17,'2021-07-26 00:00:00.000000',400,44)


insert into sales.check_store values (6,122,'2021-07-26 00:00:00.000000',510,50)
insert into sales.check_store values (6,1,'2021-07-26 00:00:00.000000',510,100)
insert into sales.check_store values (6,94,'2021-07-26 00:00:00.000000',510,95)
insert into sales.check_store values (6,95,'2021-07-26 00:00:00.000000',510,94)
insert into sales.check_store values (6,94,'2021-07-26 00:00:00.000000',510,95)
insert into sales.check_store values (6,95,'2021-07-26 00:00:00.000000',510,94)
insert into sales.check_store values (6,94,'2021-07-26 00:00:00.000000',510,95)
insert into sales.check_store values (6,93,'2021-07-26 00:00:00.000000',510,94)
insert into sales.check_store values (6,100,'2021-07-26 00:00:00.000000',510,95)
insert into sales.check_store values (6,92,'2021-07-26 00:00:00.000000',510,94)
insert into sales.check_store values (6,98,'2021-07-26 00:00:00.000000',510,95)
insert into sales.check_store values (6,95,'2021-07-26 00:00:00.000000',510,100)
insert into sales.check_store values (6,94,'2021-07-26 00:00:00.000000',510,85)
insert into sales.check_store values (6,95,'2021-07-26 00:00:00.000000',510,76)
insert into sales.check_store values (6,94,'2021-07-26 00:00:00.000000',510,73)
insert into sales.check_store values (6,95,'2021-07-26 00:00:00.000000',510,60)
insert into sales.check_store values (6,94,'2021-07-26 00:00:00.000000',510,84)
insert into sales.check_store values (6,95,'2021-07-26 00:00:00.000000',510,60)
insert into sales.check_store values (6,94,'2021-07-26 00:00:00.000000',510,61)
insert into sales.check_store values (6,95,'2021-07-26 00:00:00.000000',510,94)
insert into sales.check_store values (6,123,'2021-07-26 00:00:00.000000',510,85)
insert into sales.check_store values (6,31,'2021-07-26 00:00:00.000000',510,85)
insert into sales.check_store values (6,122,'2021-07-26 00:00:00.000000',510,85)
insert into sales.check_store values (6,122,'2021-07-26 00:00:00.000000',510,85)
insert into sales.check_store values (6,122,'2021-07-26 00:00:00.000000',510,85)
insert into sales.check_store values (6,45,'2021-07-26 00:00:00.000000',510,85)
insert into sales.check_store values (6,122,'2021-07-26 00:00:00.000000',510,85)
insert into sales.check_store values (6,68,'2021-07-26 00:00:00.000000',510,85)

insert into sales.check_store values (6,43,'2021-07-26 00:00:00.000000',510,85)
insert into sales.check_store values (6,44,'2021-07-26 00:00:00.000000',510,85)
insert into sales.check_store values (6,45,'2021-07-26 00:00:00.000000',510,85)
insert into sales.check_store values (6,46,'2021-07-26 00:00:00.000000',510,85)
insert into sales.check_store values (6,9,'2021-07-26 00:00:00.000000',510,85)
insert into sales.check_store values (6,4,'2021-07-26 00:00:00.000000',510,85)
insert into sales.check_store values (6,13,'2021-07-26 00:00:00.000000',510,85)
insert into sales.check_store values (6,14,'2021-07-26 00:00:00.000000',510,85)
insert into sales.check_store values (6,19,'2021-07-26 00:00:00.000000',510,85)
insert into sales.check_store values (6,9,'2021-07-26 00:00:00.000000',510,85)
insert into sales.check_store values (6,4,'2021-07-26 00:00:00.000000',510,85)
insert into sales.check_store values (6,13,'2021-07-26 00:00:00.000000',510,85)
insert into sales.check_store values (6,14,'2021-07-26 00:00:00.000000',510,85)
insert into sales.check_store values (6,19,'2021-07-26 00:00:00.000000',510,85)
insert into sales.check_store values (6,9,'2021-07-26 00:00:00.000000',510,85)
insert into sales.check_store values (6,4,'2021-07-26 00:00:00.000000',510,85)
insert into sales.check_store values (6,13,'2021-07-26 00:00:00.000000',510,85)
insert into sales.check_store values (6,14,'2021-07-26 00:00:00.000000',510,85)
insert into sales.check_store values (6,19,'2021-07-26 00:00:00.000000',510,85)
insert into sales.check_store values (6,20,'2021-07-26 00:00:00.000000',510,85)
insert into sales.check_store values (6,38,'2021-07-26 00:00:00.000000',510,85)
insert into sales.check_store values (6,20,'2021-07-26 00:00:00.000000',510,85)
insert into sales.check_store values (6,38,'2021-07-26 00:00:00.000000',510,85)
--
insert into sales.check_store values (1,95,'2021-07-26 00:00:00.000000',510,94)
insert into sales.check_store values (1,94,'2021-07-26 00:00:00.000000',510,95)
insert into sales.check_store values (1,95,'2021-07-26 00:00:00.000000',510,94)
insert into sales.check_store values (1,94,'2021-07-26 00:00:00.000000',510,95)
insert into sales.check_store values (1,92,'2021-07-26 00:00:00.000000',510,94)
insert into sales.check_store values (1,100,'2021-07-26 00:00:00.000000',510,95)
insert into sales.check_store values (1,92,'2021-07-26 00:00:00.000000',510,94)
insert into sales.check_store values (1,98,'2021-07-26 00:00:00.000000',510,95)
insert into sales.check_store values (1,95,'2021-07-26 00:00:00.000000',510,100)
insert into sales.check_store values (1,94,'2021-07-26 00:00:00.000000',510,85)
insert into sales.check_store values (1,95,'2021-07-26 00:00:00.000000',510,76)
insert into sales.check_store values (1,94,'2021-07-26 00:00:00.000000',510,73)
insert into sales.check_store values (1,95,'2021-07-26 00:00:00.000000',510,60)
insert into sales.check_store values (1,123,'2021-07-26 00:00:00.000000',510,84)
insert into sales.check_store values (1,95,'2021-07-26 00:00:00.000000',510,60)
insert into sales.check_store values (1,123,'2021-07-26 00:00:00.000000',510,61)
insert into sales.check_store values (1,123,'2021-07-26 00:00:00.000000',510,94)
insert into sales.check_store values (1,123,'2021-07-26 00:00:00.000000',510,85)
insert into sales.check_store values (1,31,'2021-07-26 00:00:00.000000',510,85)
insert into sales.check_store values (1,122,'2021-07-26 00:00:00.000000',510,85)
insert into sales.check_store values (1,122,'2021-07-26 00:00:00.000000',510,85)
insert into sales.check_store values (1,122,'2021-07-26 00:00:00.000000',510,85)
insert into sales.check_store values (1,45,'2021-07-26 00:00:00.000000',510,85)
insert into sales.check_store values (1,122,'2021-07-26 00:00:00.000000',510,85)
insert into sales.check_store values (1,123,'2021-07-26 00:00:00.000000',510,85)

insert into sales.check_store values (1,1,'2021-07-26 00:00:00.000000',510,45)
insert into sales.check_store values (1,2,'2021-07-26 00:00:00.000000',510,23)
insert into sales.check_store values (1,20,'2021-07-26 00:00:00.000000',510,85)
insert into sales.check_store values (1,21,'2021-07-26 00:00:00.000000',510,85)
insert into sales.check_store values (1,24,'2021-07-26 00:00:00.000000',510,85)
insert into sales.check_store values (1,25,'2021-07-26 00:00:00.000000',510,85)
insert into sales.check_store values (1,23,'2021-07-26 00:00:00.000000',510,85)
insert into sales.check_store values (1,24,'2021-07-26 00:00:00.000000',510,85)
insert into sales.check_store values (1,25,'2021-07-26 00:00:00.000000',510,85)
insert into sales.check_store values (1,32,'2021-07-26 00:00:00.000000',510,85)
insert into sales.check_store values (1,41,'2021-07-26 00:00:00.000000',510,85)
insert into sales.check_store values (1,23,'2021-07-26 00:00:00.000000',510,85)
insert into sales.check_store values (1,24,'2021-07-26 00:00:00.000000',510,85)
insert into sales.check_store values (1,25,'2021-07-26 00:00:00.000000',510,85)
insert into sales.check_store values (1,32,'2021-07-26 00:00:00.000000',510,85)
insert into sales.check_store values (1,41,'2021-07-26 00:00:00.000000',510,85)
insert into sales.check_store values (1,23,'2021-07-26 00:00:00.000000',510,85)
insert into sales.check_store values (1,24,'2021-07-26 00:00:00.000000',510,85)
insert into sales.check_store values (1,25,'2021-07-26 00:00:00.000000',510,85)
insert into sales.check_store values (1,32,'2021-07-26 00:00:00.000000',510,85)
insert into sales.check_store values (1,41,'2021-07-26 00:00:00.000000',510,85)


insert into sales.check_store values (2,95,'2021-07-26 00:00:00.000000',510,94)
insert into sales.check_store values (2,94,'2021-07-26 00:00:00.000000',510,95)
insert into sales.check_store values (2,95,'2021-07-26 00:00:00.000000',510,94)
insert into sales.check_store values (2,94,'2021-07-26 00:00:00.000000',510,95)
insert into sales.check_store values (2,91,'2021-07-26 00:00:00.000000',510,94)
insert into sales.check_store values (2,100,'2021-07-26 00:00:00.000000',510,95)
insert into sales.check_store values (2,92,'2021-07-26 00:00:00.000000',510,94)
insert into sales.check_store values (2,98,'2021-07-26 00:00:00.000000',510,95)
insert into sales.check_store values (2,95,'2021-07-26 00:00:00.000000',510,100)
insert into sales.check_store values (2,94,'2021-07-26 00:00:00.000000',510,85)
insert into sales.check_store values (2,95,'2021-07-26 00:00:00.000000',510,76)
insert into sales.check_store values (2,94,'2021-07-26 00:00:00.000000',510,73)
insert into sales.check_store values (2,95,'2021-07-26 00:00:00.000000',510,60)
insert into sales.check_store values (2,123,'2021-07-26 00:00:00.000000',510,84)
insert into sales.check_store values (2,91,'2021-07-26 00:00:00.000000',510,60)
insert into sales.check_store values (2,122,'2021-07-26 00:00:00.000000',510,61)
insert into sales.check_store values (2,123,'2021-07-26 00:00:00.000000',510,94)
insert into sales.check_store values (2,123,'2021-07-26 00:00:00.000000',510,85)
insert into sales.check_store values (2,32,'2021-07-26 00:00:00.000000',510,85)
insert into sales.check_store values (2,123,'2021-07-26 00:00:00.000000',510,85)
insert into sales.check_store values (2,122,'2021-07-26 00:00:00.000000',510,85)
insert into sales.check_store values (2,122,'2021-07-26 00:00:00.000000',510,85)
insert into sales.check_store values (2,45,'2021-07-26 00:00:00.000000',510,85)
insert into sales.check_store values (2,122,'2021-07-26 00:00:00.000000',510,85)
insert into sales.check_store values (2,123,'2021-07-26 00:00:00.000000',510,85)

insert into sales.check_store values (2,91,'2021-07-26 00:00:00.000000',510,85)
insert into sales.check_store values (2,92,'2021-07-26 00:00:00.000000',510,85)
insert into sales.check_store values (2,93,'2021-07-26 00:00:00.000000',510,85)
insert into sales.check_store values (2,103,'2021-07-26 00:00:00.000000',510,85)
insert into sales.check_store values (2,110,'2021-07-26 00:00:00.000000',510,85)
insert into sales.check_store values (2,112,'2021-07-26 00:00:00.000000',510,85)
insert into sales.check_store values (2,119,'2021-07-26 00:00:00.000000',510,85)
insert into sales.check_store values (2,103,'2021-07-26 00:00:00.000000',510,85)
insert into sales.check_store values (2,110,'2021-07-26 00:00:00.000000',510,85)
insert into sales.check_store values (2,112,'2021-07-26 00:00:00.000000',510,85)
insert into sales.check_store values (2,119,'2021-07-26 00:00:00.000000',510,85)
insert into sales.check_store values (2,19,'2021-07-26 00:00:00.000000',510,85)
insert into sales.check_store values (2,5,'2021-07-26 00:00:00.000000',510,85)
insert into sales.check_store values (2,6,'2021-07-26 00:00:00.000000',510,85)



insert into sales.check_store values (3,95,'2021-07-26 00:00:00.000000',510,94)
insert into sales.check_store values (3,94,'2021-07-26 00:00:00.000000',510,95)
insert into sales.check_store values (3,95,'2021-07-26 00:00:00.000000',510,94)
insert into sales.check_store values (3,94,'2021-07-26 00:00:00.000000',510,95)
insert into sales.check_store values (3,92,'2021-07-26 00:00:00.000000',510,94)
insert into sales.check_store values (3,100,'2021-07-26 00:00:00.000000',510,95)
insert into sales.check_store values (3,92,'2021-07-26 00:00:00.000000',510,94)
insert into sales.check_store values (3,98,'2021-07-26 00:00:00.000000',510,95)
insert into sales.check_store values (3,95,'2021-07-26 00:00:00.000000',510,100)
insert into sales.check_store values (3,94,'2021-07-26 00:00:00.000000',510,85)
insert into sales.check_store values (3,95,'2021-07-26 00:00:00.000000',510,76)
insert into sales.check_store values (3,94,'2021-07-26 00:00:00.000000',510,73)
insert into sales.check_store values (3,122,'2021-07-26 00:00:00.000000',510,60)
insert into sales.check_store values (3,121,'2021-07-26 00:00:00.000000',510,84)
insert into sales.check_store values (3,92,'2021-07-26 00:00:00.000000',510,60)
insert into sales.check_store values (3,123,'2021-07-26 00:00:00.000000',510,61)
insert into sales.check_store values (3,122,'2021-07-26 00:00:00.000000',510,94)
insert into sales.check_store values (3,123,'2021-07-26 00:00:00.000000',510,85)
insert into sales.check_store values (3,34,'2021-07-26 00:00:00.000000',510,85)
insert into sales.check_store values (3,122,'2021-07-26 00:00:00.000000',510,85)
insert into sales.check_store values (3,122,'2021-07-26 00:00:00.000000',510,85)
insert into sales.check_store values (3,122,'2021-07-26 00:00:00.000000',510,85)
insert into sales.check_store values (3,42,'2021-07-26 00:00:00.000000',510,85)
insert into sales.check_store values (3,122,'2021-07-26 00:00:00.000000',510,85)
insert into sales.check_store values (3,123,'2021-07-26 00:00:00.000000',510,85)

insert into sales.check_store values (3,1,'2021-07-26 00:00:00.000000',510,85)
insert into sales.check_store values (3,2,'2021-07-26 00:00:00.000000',510,85)
insert into sales.check_store values (3,30,'2021-07-26 00:00:00.000000',510,85)
insert into sales.check_store values (3,31,'2021-07-26 00:00:00.000000',510,85)
insert into sales.check_store values (3,42,'2021-07-26 00:00:00.000000',510,85)
insert into sales.check_store values (3,50,'2021-07-26 00:00:00.000000',510,85)
insert into sales.check_store values (3,61,'2021-07-26 00:00:00.000000',510,85)
insert into sales.check_store values (3,89,'2021-07-26 00:00:00.000000',510,85)
insert into sales.check_store values (3,90,'2021-07-26 00:00:00.000000',510,85)
insert into sales.check_store values (3,91,'2021-07-26 00:00:00.000000',510,85)
insert into sales.check_store values (3,93,'2021-07-26 00:00:00.000000',510,85)
insert into sales.check_store values (3,94,'2021-07-26 00:00:00.000000',510,85)
insert into sales.check_store values (3,90,'2021-07-26 00:00:00.000000',510,85)
insert into sales.check_store values (3,91,'2021-07-26 00:00:00.000000',510,85)
insert into sales.check_store values (3,93,'2021-07-26 00:00:00.000000',510,85)
insert into sales.check_store values (3,94,'2021-07-26 00:00:00.000000',510,85)
insert into sales.check_store values (3,90,'2021-07-26 00:00:00.000000',510,85)
insert into sales.check_store values (3,91,'2021-07-26 00:00:00.000000',510,85)
insert into sales.check_store values (3,93,'2021-07-26 00:00:00.000000',510,85)
insert into sales.check_store values (3,94,'2021-07-26 00:00:00.000000',510,85)

insert into sales.check_store values (4,95,'2021-07-26 00:00:00.000000',510,94)
insert into sales.check_store values (4,94,'2021-07-26 00:00:00.000000',510,95)
insert into sales.check_store values (4,95,'2021-07-26 00:00:00.000000',510,94)
insert into sales.check_store values (4,94,'2021-07-26 00:00:00.000000',510,95)
insert into sales.check_store values (4,92,'2021-07-26 00:00:00.000000',510,94)
insert into sales.check_store values (4,100,'2021-07-26 00:00:00.000000',510,95)
insert into sales.check_store values (4,92,'2021-07-26 00:00:00.000000',510,94)
insert into sales.check_store values (4,98,'2021-07-26 00:00:00.000000',510,95)
insert into sales.check_store values (4,95,'2021-07-26 00:00:00.000000',510,100)
insert into sales.check_store values (4,94,'2021-07-26 00:00:00.000000',510,85)
insert into sales.check_store values (4,95,'2021-07-26 00:00:00.000000',510,76)
insert into sales.check_store values (4,94,'2021-07-26 00:00:00.000000',510,73)
insert into sales.check_store values (4,95,'2021-07-26 00:00:00.000000',510,60)
insert into sales.check_store values (4,123,'2021-07-26 00:00:00.000000',510,84)
insert into sales.check_store values (4,95,'2021-07-26 00:00:00.000000',510,60)
insert into sales.check_store values (4,123,'2021-07-26 00:00:00.000000',510,61)
insert into sales.check_store values (4,123,'2021-07-26 00:00:00.000000',510,94)
insert into sales.check_store values (4,123,'2021-07-26 00:00:00.000000',510,85)
insert into sales.check_store values (4,31,'2021-07-26 00:00:00.000000',510,85)
insert into sales.check_store values (4,122,'2021-07-26 00:00:00.000000',510,85)
insert into sales.check_store values (4,122,'2021-07-26 00:00:00.000000',510,85)
insert into sales.check_store values (4,122,'2021-07-26 00:00:00.000000',510,85)
insert into sales.check_store values (4,45,'2021-07-26 00:00:00.000000',510,85)
insert into sales.check_store values (4,122,'2021-07-26 00:00:00.000000',510,85)
insert into sales.check_store values (4,123,'2021-07-26 00:00:00.000000',510,85)

insert into sales.check_store values (4,30,'2021-07-26 00:00:00.000000',510,60)
insert into sales.check_store values (4,29,'2021-07-26 00:00:00.000000',510,60)
insert into sales.check_store values (4,11,'2021-07-26 00:00:00.000000',510,60)
insert into sales.check_store values (4,12,'2021-07-26 00:00:00.000000',510,60)
insert into sales.check_store values (4,13,'2021-07-26 00:00:00.000000',510,60)
insert into sales.check_store values (4,14,'2021-07-26 00:00:00.000000',510,60)
insert into sales.check_store values (4,16,'2021-07-26 00:00:00.000000',510,60)
insert into sales.check_store values (4,17,'2021-07-26 00:00:00.000000',510,60)
insert into sales.check_store values (4,30,'2021-07-26 00:00:00.000000',510,60)
insert into sales.check_store values (4,29,'2021-07-26 00:00:00.000000',510,60)
insert into sales.check_store values (4,11,'2021-07-26 00:00:00.000000',510,60)
insert into sales.check_store values (4,12,'2021-07-26 00:00:00.000000',510,60)
insert into sales.check_store values (4,13,'2021-07-26 00:00:00.000000',510,60)
insert into sales.check_store values (4,14,'2021-07-26 00:00:00.000000',510,60)
insert into sales.check_store values (4,16,'2021-07-26 00:00:00.000000',510,60)
insert into sales.check_store values (4,17,'2021-07-26 00:00:00.000000',510,60)
insert into sales.check_store values (4,23,'2021-07-26 00:00:00.000000',510,60)
insert into sales.check_store values (4,21,'2021-07-26 00:00:00.000000',510,60)

insert into sales.check_store values (5,122,'2021-07-26 00:00:00.000000',510,94)
insert into sales.check_store values (5,94,'2021-07-26 00:00:00.000000',510,95)
insert into sales.check_store values (5,95,'2021-07-26 00:00:00.000000',510,94)
insert into sales.check_store values (5,94,'2021-07-26 00:00:00.000000',510,95)
insert into sales.check_store values (5,92,'2021-07-26 00:00:00.000000',510,94)
insert into sales.check_store values (5,100,'2021-07-26 00:00:00.000000',510,95)
insert into sales.check_store values (5,92,'2021-07-26 00:00:00.000000',510,94)
insert into sales.check_store values (5,98,'2021-07-26 00:00:00.000000',510,95)
insert into sales.check_store values (5,95,'2021-07-26 00:00:00.000000',510,100)
insert into sales.check_store values (5,94,'2021-07-26 00:00:00.000000',510,85)
insert into sales.check_store values (5,95,'2021-07-26 00:00:00.000000',510,76)
insert into sales.check_store values (5,94,'2021-07-26 00:00:00.000000',510,73)
insert into sales.check_store values (5,95,'2021-07-26 00:00:00.000000',510,60)
insert into sales.check_store values (5,123,'2021-07-26 00:00:00.000000',510,84)
insert into sales.check_store values (5,92,'2021-07-26 00:00:00.000000',510,60)
insert into sales.check_store values (5,123,'2021-07-26 00:00:00.000000',510,61)
insert into sales.check_store values (5,123,'2021-07-26 00:00:00.000000',510,95)
insert into sales.check_store values (5,123,'2021-07-26 00:00:00.000000',510,81)
insert into sales.check_store values (5,122,'2021-07-26 00:00:00.000000',510,85)
insert into sales.check_store values (5,123,'2021-07-26 00:00:00.000000',510,85)
insert into sales.check_store values (5,123,'2021-07-26 00:00:00.000000',510,85)
insert into sales.check_store values (5,122,'2021-07-26 00:00:00.000000',510,85)
insert into sales.check_store values (5,43,'2021-07-26 00:00:00.000000',510,85)
insert into sales.check_store values (5,122,'2021-07-26 00:00:00.000000',510,85)
insert into sales.check_store values (5,123,'2021-07-26 00:00:00.000000',510,85)

insert into sales.check_store values (5,1,'2021-07-26 00:00:00.000000',510,85)
insert into sales.check_store values (5,2,'2021-07-26 00:00:00.000000',510,85)
insert into sales.check_store values (5,3,'2021-07-26 00:00:00.000000',510,85)
insert into sales.check_store values (5,4,'2021-07-26 00:00:00.000000',510,85)
insert into sales.check_store values (5,5,'2021-07-26 00:00:00.000000',510,85)
insert into sales.check_store values (5,6,'2021-07-26 00:00:00.000000',510,85)
insert into sales.check_store values (5,7,'2021-07-26 00:00:00.000000',510,85)
insert into sales.check_store values (5,8,'2021-07-26 00:00:00.000000',510,85)
insert into sales.check_store values (5,20,'2021-07-26 00:00:00.000000',510,85)
insert into sales.check_store values (5,21,'2021-07-26 00:00:00.000000',510,85)
insert into sales.check_store values (5,23,'2021-07-26 00:00:00.000000',510,85)
insert into sales.check_store values (5,22,'2021-07-26 00:00:00.000000',510,85)
insert into sales.check_store values (5,11,'2021-07-26 00:00:00.000000',510,85)
insert into sales.check_store values (5,21,'2021-07-26 00:00:00.000000',510,85)
insert into sales.check_store values (5,23,'2021-07-26 00:00:00.000000',510,85)
insert into sales.check_store values (5,22,'2021-07-26 00:00:00.000000',510,85)
insert into sales.check_store values (5,11,'2021-07-26 00:00:00.000000',510,85)
insert into sales.check_store values (5,123,'2021-07-26 00:00:00.000000',510,85)
insert into sales.check_store values (1,122,'2021-07-26 00:00:00.000000',510,85)
insert into sales.check_store values (1,123,'2021-07-26 00:00:00.000000',510,83)
insert into sales.check_store values (1,122,'2021-07-26 00:00:00.000000',510,83)
insert into sales.check_store values (1,123,'2021-07-26 00:00:00.000000',300,43)
insert into sales.check_store values (1,90,'2021-07-26 00:00:00.000000',300,43)
insert into sales.check_store values (1,91,'2021-07-26 00:00:00.000000',300,43)
insert into sales.check_store values (1,124,'2021-07-26 00:00:00.000000',250,43)
insert into sales.check_store values (1,124,'2021-07-26 00:00:00.000000',250,41)
insert into sales.check_store values (1,124,'2021-07-26 00:00:00.000000',250,39)
insert into sales.check_store values (1,124,'2021-07-26 00:00:00.000000',250,38)
insert into sales.check_store values (1,124,'2021-07-26 00:00:00.000000',250,33)





insert into production.stocks (product_id, store_id, quantity) values (21, 6, 190);
insert into production.stocks (product_id, store_id, quantity) values (83, 3, 96);
insert into production.stocks (product_id, store_id, quantity) values (1, 2, 86);
insert into production.stocks (product_id, store_id, quantity) values (72, 7, 227);
insert into production.stocks (product_id, store_id, quantity) values (80, 7, 166);
insert into production.stocks (product_id, store_id, quantity) values (9, 2, 135);
insert into production.stocks (product_id, store_id, quantity) values (103, 1, 107);
insert into production.stocks (product_id, store_id, quantity) values (107, 6, 239);
insert into production.stocks (product_id, store_id, quantity) values (18, 5, 156);
insert into production.stocks (product_id, store_id, quantity) values (121, 5, 281);
insert into production.stocks (product_id, store_id, quantity) values (92, 3, 235);
insert into production.stocks (product_id, store_id, quantity) values (87, 3, 96);
insert into production.stocks (product_id, store_id, quantity) values (19, 1, 40);
insert into production.stocks (product_id, store_id, quantity) values (84, 5, 139);
insert into production.stocks (product_id, store_id, quantity) values (57, 5, 176);
insert into production.stocks (product_id, store_id, quantity) values (25, 6, 127);
insert into production.stocks (product_id, store_id, quantity) values (75, 6, 129);
insert into production.stocks (product_id, store_id, quantity) values (99, 5, 182);
insert into production.stocks (product_id, store_id, quantity) values (35, 1, 165);
insert into production.stocks (product_id, store_id, quantity) values (35, 4, 132);
insert into production.stocks (product_id, store_id, quantity) values (83, 7, 99);
insert into production.stocks (product_id, store_id, quantity) values (65, 1, 37);
insert into production.stocks (product_id, store_id, quantity) values (67, 2, 127);
insert into production.stocks (product_id, store_id, quantity) values (28, 7, 236);
insert into production.stocks (product_id, store_id, quantity) values (21, 5, 293);
insert into production.stocks (product_id, store_id, quantity) values (38, 6, 294);
insert into production.stocks (product_id, store_id, quantity) values (69, 1, 225);
insert into production.stocks (product_id, store_id, quantity) values (99, 6, 278);
insert into production.stocks (product_id, store_id, quantity) values (93, 6, 265);
insert into production.stocks (product_id, store_id, quantity) values (120, 5, 273);
insert into production.stocks (product_id, store_id, quantity) values (120, 4, 116);
insert into production.stocks (product_id, store_id, quantity) values (34, 2, 132);
insert into production.stocks (product_id, store_id, quantity) values (82, 3, 21);
insert into production.stocks (product_id, store_id, quantity) values (38, 7, 24);
insert into production.stocks (product_id, store_id, quantity) values (68, 7, 82);
insert into production.stocks (product_id, store_id, quantity) values (12, 7, 107);
insert into production.stocks (product_id, store_id, quantity) values (88, 1, 204);
insert into production.stocks (product_id, store_id, quantity) values (103, 1, 287);
insert into production.stocks (product_id, store_id, quantity) values (108, 5, 180);
insert into production.stocks (product_id, store_id, quantity) values (116, 6, 87);
insert into production.stocks (product_id, store_id, quantity) values (16, 1, 253);
insert into production.stocks (product_id, store_id, quantity) values (11, 6, 49);
insert into production.stocks (product_id, store_id, quantity) values (75, 5, 159);
insert into production.stocks (product_id, store_id, quantity) values (56, 2, 128);
insert into production.stocks (product_id, store_id, quantity) values (48, 7, 298);
insert into production.stocks (product_id, store_id, quantity) values (6, 4, 188);
insert into production.stocks (product_id, store_id, quantity) values (28, 6, 199);
insert into production.stocks (product_id, store_id, quantity) values (93, 1, 150);
insert into production.stocks (product_id, store_id, quantity) values (98, 5, 198);
insert into production.stocks (product_id, store_id, quantity) values (40, 2, 163);
insert into production.stocks (product_id, store_id, quantity) values (74, 7, 143);
insert into production.stocks (product_id, store_id, quantity) values (110, 6, 89);
insert into production.stocks (product_id, store_id, quantity) values (69, 4, 198);
insert into production.stocks (product_id, store_id, quantity) values (37, 3, 220);
insert into production.stocks (product_id, store_id, quantity) values (11, 3, 59);
insert into production.stocks (product_id, store_id, quantity) values (113, 6, 82);
insert into production.stocks (product_id, store_id, quantity) values (92, 7, 115);
insert into production.stocks (product_id, store_id, quantity) values (112, 2, 133);
insert into production.stocks (product_id, store_id, quantity) values (48, 7, 159);
insert into production.stocks (product_id, store_id, quantity) values (94, 2, 270);
insert into production.stocks (product_id, store_id, quantity) values (93, 2, 142);
insert into production.stocks (product_id, store_id, quantity) values (7, 5, 265);
insert into production.stocks (product_id, store_id, quantity) values (17, 6, 206);
insert into production.stocks (product_id, store_id, quantity) values (49, 3, 294);
insert into production.stocks (product_id, store_id, quantity) values (55, 2, 161);
insert into production.stocks (product_id, store_id, quantity) values (46, 4, 235);
insert into production.stocks (product_id, store_id, quantity) values (25, 6, 62);
insert into production.stocks (product_id, store_id, quantity) values (49, 4, 62);
insert into production.stocks (product_id, store_id, quantity) values (22, 6, 194);
insert into production.stocks (product_id, store_id, quantity) values (34, 7, 74);
insert into production.stocks (product_id, store_id, quantity) values (43, 6, 227);
insert into production.stocks (product_id, store_id, quantity) values (88, 2, 278);
insert into production.stocks (product_id, store_id, quantity) values (50, 6, 228);
insert into production.stocks (product_id, store_id, quantity) values (24, 1, 156);
insert into production.stocks (product_id, store_id, quantity) values (5, 3, 250);
insert into production.stocks (product_id, store_id, quantity) values (52, 5, 217);
insert into production.stocks (product_id, store_id, quantity) values (64, 5, 97);
insert into production.stocks (product_id, store_id, quantity) values (51, 4, 180);
insert into production.stocks (product_id, store_id, quantity) values (124, 5, 294);
insert into production.stocks (product_id, store_id, quantity) values (121, 6, 47);
insert into production.stocks (product_id, store_id, quantity) values (12, 3, 155);
insert into production.stocks (product_id, store_id, quantity) values (45, 1, 101);
insert into production.stocks (product_id, store_id, quantity) values (69, 7, 41);
insert into production.stocks (product_id, store_id, quantity) values (27, 4, 20);
insert into production.stocks (product_id, store_id, quantity) values (94, 6, 62);
insert into production.stocks (product_id, store_id, quantity) values (63, 4, 124);
insert into production.stocks (product_id, store_id, quantity) values (88, 4, 100);
insert into production.stocks (product_id, store_id, quantity) values (78, 4, 56);
insert into production.stocks (product_id, store_id, quantity) values (38, 3, 124);
insert into production.stocks (product_id, store_id, quantity) values (104, 2, 299);
insert into production.stocks (product_id, store_id, quantity) values (95, 5, 248);
insert into production.stocks (product_id, store_id, quantity) values (60, 6, 141);
insert into production.stocks (product_id, store_id, quantity) values (113, 3, 24);
insert into production.stocks (product_id, store_id, quantity) values (31, 4, 158);
insert into production.stocks (product_id, store_id, quantity) values (118, 5, 24);
insert into production.stocks (product_id, store_id, quantity) values (64, 4, 128);
insert into production.stocks (product_id, store_id, quantity) values (12, 1, 142);
insert into production.stocks (product_id, store_id, quantity) values (51, 3, 83);
insert into production.stocks (product_id, store_id, quantity) values (89, 7, 150);
insert into production.stocks (product_id, store_id, quantity) values (15, 7, 138);



insert into sales.website (url, customer_id) values ('http://mysql.com/molestie/lorem/quisque/ut/erat.jpg?consequat=blandit&in=mi&consequat=in&ut=porttitor&nulla=pede&sed=justo&accumsan=eu&felis=massa&ut=donec&at=dapibus&dolor=duis&quis=at&odio=velit&consequat=eu&varius=est&integer=congue&ac=elementum&leo=in&pellentesque=hac&ultrices=habitasse&mattis=platea&odio=dictumst&donec=morbi&vitae=vestibulum&nisi=velit&nam=id&ultrices=pretium&libero=iaculis&non=diam&mattis=erat&pulvinar=fermentum&nulla=justo&pede=nec&ullamcorper=condimentum&augue=neque&a=sapien&suscipit=placerat&nulla=ante&elit=nulla&ac=justo&nulla=aliquam&sed=quis&vel=turpis&enim=eget&sit=elit&amet=sodales&nunc=scelerisque&viverra=mauris&dapibus=sit&nulla=amet&suscipit=eros&ligula=suspendisse&in=accumsan&lacus=tortor&curabitur=quis&at=turpis&ipsum=sed&ac=ante&tellus=vivamus&semper=tortor&interdum=duis&mauris=mattis&ullamcorper=egestas&purus=metus&sit=aenean&amet=fermentum&nulla=donec&quisque=ut&arcu=mauris&libero=eget', 94);
insert into sales.website (url, customer_id) values ('https://tiny.cc/vitae/consectetuer/eget/rutrum/at/lorem/integer.xml?integer=ultrices&aliquet=aliquet&massa=maecenas&id=leo&lobortis=odio&convallis=condimentum&tortor=id&risus=luctus&dapibus=nec&augue=molestie&vel=sed&accumsan=justo&tellus=pellentesque&nisi=viverra&eu=pede&orci=ac&mauris=diam&lacinia=cras&sapien=pellentesque&quis=volutpat&libero=dui&nullam=maecenas&sit=tristique&amet=est&turpis=et&elementum=tempus&ligula=semper&vehicula=est&consequat=quam&morbi=pharetra&a=magna&ipsum=ac&integer=consequat&a=metus&nibh=sapien&in=ut&quis=nunc&justo=vestibulum&maecenas=ante&rhoncus=ipsum&aliquam=primis&lacus=in&morbi=faucibus&quis=orci&tortor=luctus&id=et&nulla=ultrices&ultrices=posuere&aliquet=cubilia&maecenas=curae&leo=mauris&odio=viverra&condimentum=diam&id=vitae&luctus=quam&nec=suspendisse&molestie=potenti&sed=nullam&justo=porttitor&pellentesque=lacus&viverra=at&pede=turpis&ac=donec&diam=posuere', 22);
insert into sales.website (url, customer_id) values ('https://cnet.com/iaculis.html?donec=vivamus&ut=vestibulum&mauris=sagittis&eget=sapien&massa=cum&tempor=sociis&convallis=natoque&nulla=penatibus&neque=et&libero=magnis&convallis=dis&eget=parturient&eleifend=montes&luctus=nascetur&ultricies=ridiculus&eu=mus&nibh=etiam&quisque=vel&id=augue&justo=vestibulum&sit=rutrum&amet=rutrum&sapien=neque&dignissim=aenean&vestibulum=auctor&vestibulum=gravida&ante=sem&ipsum=praesent&primis=id&in=massa&faucibus=id&orci=nisl&luctus=venenatis&et=lacinia&ultrices=aenean&posuere=sit&cubilia=amet&curae=justo&nulla=morbi&dapibus=ut&dolor=odio&vel=cras&est=mi&donec=pede&odio=malesuada&justo=in&sollicitudin=imperdiet&ut=et&suscipit=commodo&a=vulputate&feugiat=justo&et=in&eros=blandit&vestibulum=ultrices&ac=enim&est=lorem&lacinia=ipsum&nisi=dolor&venenatis=sit', 90);
insert into sales.website (url, customer_id) values ('http://desdev.cn/sapien/placerat/ante/nulla.html?ut=vestibulum&blandit=velit&non=id&interdum=pretium&in=iaculis&ante=diam&vestibulum=erat&ante=fermentum&ipsum=justo&primis=nec&in=condimentum&faucibus=neque&orci=sapien&luctus=placerat&et=ante&ultrices=nulla&posuere=justo&cubilia=aliquam&curae=quis&duis=turpis&faucibus=eget&accumsan=elit&odio=sodales&curabitur=scelerisque&convallis=mauris&duis=sit&consequat=amet&dui=eros&nec=suspendisse&nisi=accumsan&volutpat=tortor&eleifend=quis&donec=turpis&ut=sed&dolor=ante&morbi=vivamus&vel=tortor&lectus=duis&in=mattis&quam=egestas&fringilla=metus&rhoncus=aenean&mauris=fermentum&enim=donec&leo=ut&rhoncus=mauris&sed=eget&vestibulum=massa&sit=tempor&amet=convallis&cursus=nulla&id=neque&turpis=libero&integer=convallis&aliquet=eget&massa=eleifend&id=luctus&lobortis=ultricies&convallis=eu&tortor=nibh&risus=quisque&dapibus=id&augue=justo&vel=sit', 98);
insert into sales.website (url, customer_id) values ('https://hibu.com/libero/nam/dui/proin.html?vulputate=etiam&luctus=pretium&cum=iaculis&sociis=justo&natoque=in&penatibus=hac&et=habitasse&magnis=platea&dis=dictumst&parturient=etiam&montes=faucibus&nascetur=cursus&ridiculus=urna&mus=ut&vivamus=tellus&vestibulum=nulla&sagittis=ut&sapien=erat&cum=id&sociis=mauris&natoque=vulputate', 35);
insert into sales.website (url, customer_id) values ('http://imdb.com/et/eros/vestibulum/ac/est/lacinia.png?viverra=cursus&diam=id&vitae=turpis&quam=integer&suspendisse=aliquet&potenti=massa&nullam=id&porttitor=lobortis&lacus=convallis&at=tortor', 34);
insert into sales.website (url, customer_id) values ('https://facebook.com/amet/diam.json?ultrices=adipiscing&aliquet=lorem&maecenas=vitae&leo=mattis&odio=nibh&condimentum=ligula&id=nec&luctus=sem&nec=duis&molestie=aliquam&sed=convallis&justo=nunc&pellentesque=proin&viverra=at&pede=turpis&ac=a&diam=pede&cras=posuere&pellentesque=nonummy&volutpat=integer&dui=non&maecenas=velit&tristique=donec&est=diam&et=neque&tempus=vestibulum&semper=eget&est=vulputate&quam=ut&pharetra=ultrices&magna=vel&ac=augue&consequat=vestibulum&metus=ante&sapien=ipsum&ut=primis&nunc=in&vestibulum=faucibus&ante=orci&ipsum=luctus&primis=et&in=ultrices&faucibus=posuere&orci=cubilia&luctus=curae&et=donec&ultrices=pharetra&posuere=magna&cubilia=vestibulum&curae=aliquet&mauris=ultrices&viverra=erat&diam=tortor&vitae=sollicitudin&quam=mi&suspendisse=sit&potenti=amet&nullam=lobortis&porttitor=sapien&lacus=sapien&at=non&turpis=mi&donec=integer&posuere=ac&metus=neque&vitae=duis&ipsum=bibendum&aliquam=morbi&non=non&mauris=quam&morbi=nec', 71);
insert into sales.website (url, customer_id) values ('http://goo.ne.jp/quam/suspendisse/potenti/nullam.jsp?nunc=nisi&proin=vulputate&at=nonummy&turpis=maecenas&a=tincidunt&pede=lacus&posuere=at&nonummy=velit&integer=vivamus&non=vel&velit=nulla&donec=eget&diam=eros&neque=elementum&vestibulum=pellentesque&eget=quisque&vulputate=porta&ut=volutpat&ultrices=erat&vel=quisque&augue=erat&vestibulum=eros&ante=viverra&ipsum=eget&primis=congue&in=eget&faucibus=semper&orci=rutrum&luctus=nulla&et=nunc&ultrices=purus&posuere=phasellus&cubilia=in&curae=felis&donec=donec&pharetra=semper&magna=sapien&vestibulum=a&aliquet=libero&ultrices=nam&erat=dui&tortor=proin&sollicitudin=leo&mi=odio&sit=porttitor&amet=id&lobortis=consequat&sapien=in&sapien=consequat&non=ut&mi=nulla&integer=sed&ac=accumsan&neque=felis&duis=ut&bibendum=at&morbi=dolor&non=quis&quam=odio&nec=consequat&dui=varius&luctus=integer', 88);
insert into sales.website (url, customer_id) values ('https://diigo.com/turpis/enim/blandit/mi/in/porttitor/pede.xml?pellentesque=vestibulum&quisque=sed&porta=magna&volutpat=at&erat=nunc&quisque=commodo&erat=placerat&eros=praesent&viverra=blandit&eget=nam&congue=nulla&eget=integer&semper=pede&rutrum=justo&nulla=lacinia&nunc=eget&purus=tincidunt&phasellus=eget&in=tempus&felis=vel&donec=pede&semper=morbi&sapien=porttitor&a=lorem&libero=id&nam=ligula&dui=suspendisse&proin=ornare&leo=consequat&odio=lectus&porttitor=in&id=est&consequat=risus', 36);
insert into sales.website (url, customer_id) values ('http://samsung.com/lacinia/aenean/sit/amet/justo/morbi.aspx?velit=velit&id=id&pretium=pretium&iaculis=iaculis&diam=diam&erat=erat&fermentum=fermentum&justo=justo&nec=nec&condimentum=condimentum&neque=neque&sapien=sapien&placerat=placerat&ante=ante&nulla=nulla&justo=justo', 82);
insert into sales.website (url, customer_id) values ('https://biblegateway.com/duis/faucibus/accumsan/odio/curabitur/convallis.js?duis=ipsum&ac=primis&nibh=in&fusce=faucibus&lacus=orci&purus=luctus&aliquet=et&at=ultrices&feugiat=posuere&non=cubilia&pretium=curae&quis=nulla&lectus=dapibus&suspendisse=dolor&potenti=vel&in=est&eleifend=donec&quam=odio&a=justo&odio=sollicitudin&in=ut&hac=suscipit&habitasse=a&platea=feugiat&dictumst=et&maecenas=eros&ut=vestibulum&massa=ac&quis=est&augue=lacinia&luctus=nisi&tincidunt=venenatis&nulla=tristique&mollis=fusce&molestie=congue&lorem=diam&quisque=id&ut=ornare&erat=imperdiet&curabitur=sapien&gravida=urna&nisi=pretium&at=nisl&nibh=ut&in=volutpat&hac=sapien&habitasse=arcu&platea=sed&dictumst=augue&aliquam=aliquam&augue=erat', 6);
insert into sales.website (url, customer_id) values ('http://reverbnation.com/sed/nisl/nunc/rhoncus/dui/vel/sem.html?magna=ligula&vulputate=nec&luctus=sem&cum=duis&sociis=aliquam&natoque=convallis&penatibus=nunc&et=proin&magnis=at&dis=turpis&parturient=a&montes=pede&nascetur=posuere&ridiculus=nonummy&mus=integer&vivamus=non&vestibulum=velit&sagittis=donec&sapien=diam&cum=neque&sociis=vestibulum&natoque=eget&penatibus=vulputate&et=ut&magnis=ultrices&dis=vel&parturient=augue&montes=vestibulum&nascetur=ante&ridiculus=ipsum&mus=primis&etiam=in&vel=faucibus&augue=orci&vestibulum=luctus&rutrum=et&rutrum=ultrices&neque=posuere&aenean=cubilia&auctor=curae&gravida=donec&sem=pharetra&praesent=magna&id=vestibulum&massa=aliquet&id=ultrices&nisl=erat&venenatis=tortor&lacinia=sollicitudin&aenean=mi&sit=sit&amet=amet&justo=lobortis&morbi=sapien&ut=sapien&odio=non&cras=mi&mi=integer&pede=ac&malesuada=neque&in=duis&imperdiet=bibendum&et=morbi&commodo=non&vulputate=quam&justo=nec&in=dui&blandit=luctus&ultrices=rutrum&enim=nulla&lorem=tellus&ipsum=in&dolor=sagittis&sit=dui&amet=vel&consectetuer=nisl&adipiscing=duis&elit=ac&proin=nibh&interdum=fusce&mauris=lacus&non=purus&ligula=aliquet', 35);
insert into sales.website (url, customer_id) values ('https://ustream.tv/suspendisse.jsp?in=habitasse&faucibus=platea&orci=dictumst&luctus=maecenas&et=ut&ultrices=massa&posuere=quis&cubilia=augue&curae=luctus&duis=tincidunt&faucibus=nulla&accumsan=mollis&odio=molestie&curabitur=lorem&convallis=quisque&duis=ut&consequat=erat&dui=curabitur&nec=gravida&nisi=nisi&volutpat=at&eleifend=nibh&donec=in&ut=hac&dolor=habitasse&morbi=platea&vel=dictumst&lectus=aliquam&in=augue&quam=quam&fringilla=sollicitudin&rhoncus=vitae&mauris=consectetuer&enim=eget&leo=rutrum&rhoncus=at&sed=lorem&vestibulum=integer&sit=tincidunt&amet=ante&cursus=vel&id=ipsum&turpis=praesent&integer=blandit&aliquet=lacinia&massa=erat&id=vestibulum&lobortis=sed&convallis=magna&tortor=at&risus=nunc&dapibus=commodo&augue=placerat&vel=praesent&accumsan=blandit&tellus=nam&nisi=nulla&eu=integer&orci=pede&mauris=justo&lacinia=lacinia&sapien=eget&quis=tincidunt&libero=eget&nullam=tempus&sit=vel&amet=pede&turpis=morbi&elementum=porttitor', 54);
insert into sales.website (url, customer_id) values ('http://cnbc.com/ante/ipsum/primis/in.aspx?at=sapien&velit=cum&vivamus=sociis&vel=natoque&nulla=penatibus&eget=et&eros=magnis&elementum=dis&pellentesque=parturient&quisque=montes&porta=nascetur&volutpat=ridiculus&erat=mus&quisque=etiam&erat=vel&eros=augue&viverra=vestibulum&eget=rutrum&congue=rutrum&eget=neque&semper=aenean&rutrum=auctor&nulla=gravida&nunc=sem&purus=praesent&phasellus=id&in=massa&felis=id&donec=nisl&semper=venenatis&sapien=lacinia&a=aenean&libero=sit&nam=amet&dui=justo&proin=morbi&leo=ut&odio=odio&porttitor=cras&id=mi&consequat=pede&in=malesuada&consequat=in&ut=imperdiet&nulla=et&sed=commodo&accumsan=vulputate&felis=justo&ut=in&at=blandit&dolor=ultrices&quis=enim&odio=lorem&consequat=ipsum&varius=dolor&integer=sit&ac=amet&leo=consectetuer&pellentesque=adipiscing&ultrices=elit&mattis=proin&odio=interdum&donec=mauris&vitae=non&nisi=ligula&nam=pellentesque&ultrices=ultrices&libero=phasellus&non=id&mattis=sapien&pulvinar=in&nulla=sapien&pede=iaculis&ullamcorper=congue&augue=vivamus&a=metus&suscipit=arcu&nulla=adipiscing&elit=molestie&ac=hendrerit&nulla=at&sed=vulputate&vel=vitae&enim=nisl&sit=aenean&amet=lectus&nunc=pellentesque&viverra=eget&dapibus=nunc&nulla=donec&suscipit=quis&ligula=orci', 21);
insert into sales.website (url, customer_id) values ('http://hc360.com/accumsan/odio/curabitur/convallis/duis.jpg?luctus=venenatis&ultricies=tristique&eu=fusce&nibh=congue&quisque=diam&id=id&justo=ornare&sit=imperdiet&amet=sapien&sapien=urna&dignissim=pretium&vestibulum=nisl&vestibulum=ut&ante=volutpat&ipsum=sapien&primis=arcu&in=sed&faucibus=augue&orci=aliquam&luctus=erat&et=volutpat&ultrices=in&posuere=congue&cubilia=etiam&curae=justo&nulla=etiam&dapibus=pretium&dolor=iaculis&vel=justo&est=in&donec=hac&odio=habitasse&justo=platea&sollicitudin=dictumst&ut=etiam&suscipit=faucibus&a=cursus&feugiat=urna&et=ut&eros=tellus&vestibulum=nulla&ac=ut&est=erat&lacinia=id&nisi=mauris&venenatis=vulputate', 32);
insert into sales.website (url, customer_id) values ('https://delicious.com/consequat/dui/nec/nisi/volutpat/eleifend.jpg?fusce=rhoncus&posuere=mauris&felis=enim&sed=leo&lacus=rhoncus&morbi=sed&sem=vestibulum&mauris=sit&laoreet=amet&ut=cursus&rhoncus=id&aliquet=turpis&pulvinar=integer&sed=aliquet&nisl=massa&nunc=id&rhoncus=lobortis&dui=convallis&vel=tortor&sem=risus&sed=dapibus&sagittis=augue&nam=vel&congue=accumsan&risus=tellus&semper=nisi&porta=eu&volutpat=orci&quam=mauris&pede=lacinia&lobortis=sapien&ligula=quis&sit=libero&amet=nullam&eleifend=sit&pede=amet&libero=turpis&quis=elementum&orci=ligula&nullam=vehicula&molestie=consequat&nibh=morbi&in=a&lectus=ipsum&pellentesque=integer&at=a&nulla=nibh&suspendisse=in&potenti=quis&cras=justo&in=maecenas&purus=rhoncus&eu=aliquam&magna=lacus&vulputate=morbi&luctus=quis&cum=tortor&sociis=id&natoque=nulla&penatibus=ultrices&et=aliquet', 82);
insert into sales.website (url, customer_id) values ('https://moonfruit.com/dignissim.aspx?vestibulum=ornare&sit=consequat&amet=lectus&cursus=in&id=est&turpis=risus&integer=auctor&aliquet=sed&massa=tristique&id=in&lobortis=tempus&convallis=sit&tortor=amet&risus=sem&dapibus=fusce&augue=consequat&vel=nulla&accumsan=nisl&tellus=nunc&nisi=nisl&eu=duis&orci=bibendum&mauris=felis&lacinia=sed&sapien=interdum&quis=venenatis&libero=turpis&nullam=enim&sit=blandit&amet=mi&turpis=in&elementum=porttitor&ligula=pede&vehicula=justo&consequat=eu&morbi=massa&a=donec&ipsum=dapibus&integer=duis&a=at&nibh=velit&in=eu&quis=est&justo=congue&maecenas=elementum&rhoncus=in&aliquam=hac&lacus=habitasse&morbi=platea&quis=dictumst&tortor=morbi&id=vestibulum&nulla=velit&ultrices=id&aliquet=pretium&maecenas=iaculis&leo=diam&odio=erat&condimentum=fermentum&id=justo&luctus=nec&nec=condimentum&molestie=neque&sed=sapien&justo=placerat&pellentesque=ante&viverra=nulla&pede=justo&ac=aliquam&diam=quis&cras=turpis&pellentesque=eget&volutpat=elit&dui=sodales&maecenas=scelerisque&tristique=mauris&est=sit&et=amet&tempus=eros&semper=suspendisse&est=accumsan&quam=tortor&pharetra=quis&magna=turpis&ac=sed&consequat=ante&metus=vivamus&sapien=tortor&ut=duis&nunc=mattis&vestibulum=egestas&ante=metus&ipsum=aenean&primis=fermentum', 99);
insert into sales.website (url, customer_id) values ('http://amazonaws.com/cras/mi/pede/malesuada/in/imperdiet/et.xml?id=at&ornare=nunc&imperdiet=commodo&sapien=placerat&urna=praesent&pretium=blandit&nisl=nam&ut=nulla&volutpat=integer&sapien=pede&arcu=justo&sed=lacinia&augue=eget&aliquam=tincidunt&erat=eget&volutpat=tempus&in=vel&congue=pede&etiam=morbi&justo=porttitor&etiam=lorem&pretium=id&iaculis=ligula&justo=suspendisse&in=ornare&hac=consequat&habitasse=lectus&platea=in&dictumst=est&etiam=risus&faucibus=auctor&cursus=sed&urna=tristique', 27);
insert into sales.website (url, customer_id) values ('http://tuttocitta.it/amet/cursus/id/turpis/integer/aliquet.aspx?accumsan=non&odio=velit&curabitur=nec&convallis=nisi&duis=vulputate&consequat=nonummy&dui=maecenas&nec=tincidunt&nisi=lacus&volutpat=at&eleifend=velit&donec=vivamus&ut=vel&dolor=nulla&morbi=eget&vel=eros&lectus=elementum&in=pellentesque&quam=quisque&fringilla=porta&rhoncus=volutpat&mauris=erat&enim=quisque&leo=erat&rhoncus=eros&sed=viverra&vestibulum=eget&sit=congue&amet=eget&cursus=semper&id=rutrum&turpis=nulla&integer=nunc&aliquet=purus&massa=phasellus&id=in&lobortis=felis&convallis=donec&tortor=semper&risus=sapien&dapibus=a&augue=libero&vel=nam&accumsan=dui&tellus=proin&nisi=leo&eu=odio&orci=porttitor&mauris=id&lacinia=consequat&sapien=in&quis=consequat&libero=ut&nullam=nulla&sit=sed&amet=accumsan&turpis=felis&elementum=ut&ligula=at&vehicula=dolor&consequat=quis&morbi=odio&a=consequat', 3);
insert into sales.website (url, customer_id) values ('https://gmpg.org/lorem/id/ligula.html?sociis=quam&natoque=nec&penatibus=dui&et=luctus&magnis=rutrum&dis=nulla&parturient=tellus&montes=in&nascetur=sagittis&ridiculus=dui&mus=vel&etiam=nisl&vel=duis&augue=ac&vestibulum=nibh&rutrum=fusce&rutrum=lacus&neque=purus&aenean=aliquet&auctor=at&gravida=feugiat&sem=non&praesent=pretium&id=quis&massa=lectus&id=suspendisse&nisl=potenti&venenatis=in&lacinia=eleifend&aenean=quam&sit=a&amet=odio&justo=in&morbi=hac&ut=habitasse&odio=platea&cras=dictumst&mi=maecenas&pede=ut&malesuada=massa&in=quis&imperdiet=augue&et=luctus&commodo=tincidunt&vulputate=nulla&justo=mollis&in=molestie&blandit=lorem&ultrices=quisque&enim=ut&lorem=erat&ipsum=curabitur&dolor=gravida&sit=nisi&amet=at&consectetuer=nibh', 29);
insert into sales.website (url, customer_id) values ('https://latimes.com/quam/fringilla/rhoncus/mauris/enim/leo.jpg?nunc=cum&purus=sociis&phasellus=natoque&in=penatibus&felis=et&donec=magnis&semper=dis&sapien=parturient&a=montes&libero=nascetur&nam=ridiculus&dui=mus&proin=etiam&leo=vel&odio=augue&porttitor=vestibulum&id=rutrum&consequat=rutrum&in=neque&consequat=aenean&ut=auctor&nulla=gravida&sed=sem&accumsan=praesent&felis=id&ut=massa&at=id&dolor=nisl&quis=venenatis&odio=lacinia&consequat=aenean&varius=sit&integer=amet&ac=justo&leo=morbi&pellentesque=ut&ultrices=odio&mattis=cras&odio=mi', 9);
insert into sales.website (url, customer_id) values ('http://xing.com/phasellus/sit/amet/erat/nulla/tempus/vivamus.json?justo=in&in=tempor&hac=turpis&habitasse=nec&platea=euismod&dictumst=scelerisque&etiam=quam&faucibus=turpis&cursus=adipiscing&urna=lorem&ut=vitae&tellus=mattis&nulla=nibh&ut=ligula', 11);
insert into sales.website (url, customer_id) values ('https://merriam-webster.com/morbi/vel/lectus/in/quam/fringilla.html?vehicula=nascetur&condimentum=ridiculus&curabitur=mus&in=vivamus&libero=vestibulum&ut=sagittis&massa=sapien&volutpat=cum&convallis=sociis&morbi=natoque&odio=penatibus&odio=et&elementum=magnis&eu=dis&interdum=parturient&eu=montes&tincidunt=nascetur&in=ridiculus&leo=mus&maecenas=etiam&pulvinar=vel&lobortis=augue', 69);
insert into sales.website (url, customer_id) values ('https://nps.gov/aliquet/ultrices/erat/tortor/sollicitudin/mi.jpg?sed=ultrices&interdum=aliquet&venenatis=maecenas&turpis=leo&enim=odio&blandit=condimentum&mi=id&in=luctus&porttitor=nec&pede=molestie&justo=sed&eu=justo&massa=pellentesque&donec=viverra&dapibus=pede&duis=ac&at=diam&velit=cras&eu=pellentesque&est=volutpat&congue=dui&elementum=maecenas&in=tristique&hac=est&habitasse=et&platea=tempus&dictumst=semper&morbi=est&vestibulum=quam&velit=pharetra&id=magna&pretium=ac&iaculis=consequat&diam=metus&erat=sapien&fermentum=ut&justo=nunc&nec=vestibulum&condimentum=ante&neque=ipsum&sapien=primis&placerat=in&ante=faucibus&nulla=orci&justo=luctus', 60);
insert into sales.website (url, customer_id) values ('https://google.co.jp/in/consequat/ut/nulla.xml?mus=tristique&vivamus=est&vestibulum=et&sagittis=tempus&sapien=semper&cum=est&sociis=quam&natoque=pharetra&penatibus=magna', 93);
insert into sales.website (url, customer_id) values ('http://list-manage.com/phasellus.js?metus=lacus&vitae=morbi&ipsum=sem', 52);
insert into sales.website (url, customer_id) values ('http://edublogs.org/turpis/enim/blandit/mi/in.png?id=aliquet&pretium=ultrices&iaculis=erat&diam=tortor&erat=sollicitudin&fermentum=mi&justo=sit&nec=amet&condimentum=lobortis&neque=sapien&sapien=sapien&placerat=non&ante=mi&nulla=integer&justo=ac&aliquam=neque&quis=duis&turpis=bibendum&eget=morbi&elit=non&sodales=quam&scelerisque=nec&mauris=dui&sit=luctus&amet=rutrum&eros=nulla&suspendisse=tellus&accumsan=in&tortor=sagittis&quis=dui&turpis=vel&sed=nisl&ante=duis&vivamus=ac&tortor=nibh&duis=fusce&mattis=lacus&egestas=purus&metus=aliquet&aenean=at&fermentum=feugiat&donec=non&ut=pretium&mauris=quis&eget=lectus&massa=suspendisse&tempor=potenti&convallis=in&nulla=eleifend&neque=quam', 94);
insert into sales.website (url, customer_id) values ('http://stumbleupon.com/proin.jpg?adipiscing=bibendum&lorem=felis&vitae=sed&mattis=interdum&nibh=venenatis&ligula=turpis&nec=enim&sem=blandit&duis=mi&aliquam=in&convallis=porttitor&nunc=pede&proin=justo&at=eu&turpis=massa&a=donec&pede=dapibus&posuere=duis&nonummy=at&integer=velit&non=eu&velit=est&donec=congue&diam=elementum&neque=in&vestibulum=hac&eget=habitasse&vulputate=platea&ut=dictumst&ultrices=morbi&vel=vestibulum&augue=velit&vestibulum=id&ante=pretium&ipsum=iaculis&primis=diam&in=erat&faucibus=fermentum&orci=justo&luctus=nec&et=condimentum&ultrices=neque&posuere=sapien&cubilia=placerat&curae=ante&donec=nulla&pharetra=justo&magna=aliquam', 34);
insert into sales.website (url, customer_id) values ('https://is.gd/sapien/arcu/sed/augue/aliquam/erat.aspx?non=in&mattis=faucibus&pulvinar=orci&nulla=luctus&pede=et&ullamcorper=ultrices&augue=posuere&a=cubilia&suscipit=curae&nulla=duis&elit=faucibus', 93);
insert into sales.website (url, customer_id) values ('http://google.cn/primis/in/faucibus/orci/luctus/et/ultrices.js?suspendisse=eget&potenti=vulputate&in=ut&eleifend=ultrices&quam=vel&a=augue&odio=vestibulum&in=ante&hac=ipsum&habitasse=primis&platea=in&dictumst=faucibus&maecenas=orci&ut=luctus&massa=et&quis=ultrices&augue=posuere&luctus=cubilia&tincidunt=curae&nulla=donec&mollis=pharetra&molestie=magna&lorem=vestibulum&quisque=aliquet&ut=ultrices&erat=erat&curabitur=tortor&gravida=sollicitudin&nisi=mi&at=sit&nibh=amet&in=lobortis&hac=sapien&habitasse=sapien&platea=non&dictumst=mi&aliquam=integer&augue=ac&quam=neque&sollicitudin=duis&vitae=bibendum&consectetuer=morbi&eget=non&rutrum=quam&at=nec&lorem=dui&integer=luctus&tincidunt=rutrum&ante=nulla&vel=tellus&ipsum=in&praesent=sagittis&blandit=dui&lacinia=vel', 70);
insert into sales.website (url, customer_id) values ('https://pagesperso-orange.fr/pellentesque/quisque/porta/volutpat/erat/quisque.jpg?platea=augue&dictumst=vestibulum&morbi=rutrum&vestibulum=rutrum&velit=neque&id=aenean&pretium=auctor&iaculis=gravida&diam=sem&erat=praesent&fermentum=id&justo=massa&nec=id&condimentum=nisl&neque=venenatis&sapien=lacinia&placerat=aenean&ante=sit&nulla=amet&justo=justo&aliquam=morbi&quis=ut&turpis=odio&eget=cras&elit=mi&sodales=pede&scelerisque=malesuada&mauris=in&sit=imperdiet&amet=et&eros=commodo&suspendisse=vulputate&accumsan=justo&tortor=in&quis=blandit&turpis=ultrices&sed=enim&ante=lorem&vivamus=ipsum&tortor=dolor&duis=sit&mattis=amet&egestas=consectetuer&metus=adipiscing&aenean=elit&fermentum=proin&donec=interdum&ut=mauris&mauris=non&eget=ligula&massa=pellentesque&tempor=ultrices&convallis=phasellus&nulla=id&neque=sapien&libero=in&convallis=sapien&eget=iaculis&eleifend=congue&luctus=vivamus&ultricies=metus&eu=arcu&nibh=adipiscing&quisque=molestie&id=hendrerit&justo=at&sit=vulputate&amet=vitae&sapien=nisl&dignissim=aenean&vestibulum=lectus&vestibulum=pellentesque&ante=eget&ipsum=nunc&primis=donec&in=quis&faucibus=orci&orci=eget&luctus=orci&et=vehicula&ultrices=condimentum&posuere=curabitur&cubilia=in&curae=libero&nulla=ut&dapibus=massa&dolor=volutpat&vel=convallis&est=morbi&donec=odio&odio=odio&justo=elementum&sollicitudin=eu&ut=interdum', 21);
insert into sales.website (url, customer_id) values ('http://latimes.com/a.js?semper=ipsum&porta=aliquam&volutpat=non&quam=mauris&pede=morbi&lobortis=non&ligula=lectus&sit=aliquam&amet=sit&eleifend=amet&pede=diam&libero=in&quis=magna&orci=bibendum&nullam=imperdiet&molestie=nullam&nibh=orci&in=pede&lectus=venenatis&pellentesque=non&at=sodales&nulla=sed&suspendisse=tincidunt&potenti=eu&cras=felis&in=fusce&purus=posuere&eu=felis&magna=sed&vulputate=lacus&luctus=morbi&cum=sem&sociis=mauris&natoque=laoreet&penatibus=ut&et=rhoncus&magnis=aliquet&dis=pulvinar&parturient=sed&montes=nisl&nascetur=nunc&ridiculus=rhoncus&mus=dui&vivamus=vel&vestibulum=sem&sagittis=sed&sapien=sagittis&cum=nam&sociis=congue&natoque=risus&penatibus=semper&et=porta&magnis=volutpat&dis=quam&parturient=pede&montes=lobortis&nascetur=ligula&ridiculus=sit&mus=amet&etiam=eleifend&vel=pede&augue=libero&vestibulum=quis&rutrum=orci&rutrum=nullam&neque=molestie&aenean=nibh&auctor=in&gravida=lectus&sem=pellentesque&praesent=at&id=nulla&massa=suspendisse', 45);
insert into sales.website (url, customer_id) values ('https://forbes.com/posuere/cubilia/curae/nulla/dapibus/dolor/vel.aspx?lectus=sit&in=amet&quam=diam&fringilla=in&rhoncus=magna&mauris=bibendum&enim=imperdiet&leo=nullam&rhoncus=orci&sed=pede&vestibulum=venenatis&sit=non&amet=sodales&cursus=sed&id=tincidunt&turpis=eu&integer=felis&aliquet=fusce&massa=posuere&id=felis&lobortis=sed&convallis=lacus&tortor=morbi&risus=sem&dapibus=mauris&augue=laoreet&vel=ut&accumsan=rhoncus&tellus=aliquet&nisi=pulvinar&eu=sed&orci=nisl&mauris=nunc&lacinia=rhoncus&sapien=dui&quis=vel&libero=sem&nullam=sed&sit=sagittis&amet=nam&turpis=congue&elementum=risus&ligula=semper&vehicula=porta&consequat=volutpat&morbi=quam', 85);
insert into sales.website (url, customer_id) values ('https://tinyurl.com/ac/nulla/sed.xml?iaculis=vel&justo=nulla&in=eget&hac=eros&habitasse=elementum&platea=pellentesque&dictumst=quisque&etiam=porta&faucibus=volutpat&cursus=erat&urna=quisque&ut=erat&tellus=eros&nulla=viverra&ut=eget&erat=congue&id=eget&mauris=semper&vulputate=rutrum&elementum=nulla&nullam=nunc&varius=purus&nulla=phasellus&facilisi=in&cras=felis&non=donec&velit=semper&nec=sapien&nisi=a&vulputate=libero&nonummy=nam&maecenas=dui&tincidunt=proin&lacus=leo&at=odio&velit=porttitor&vivamus=id&vel=consequat&nulla=in&eget=consequat&eros=ut&elementum=nulla&pellentesque=sed&quisque=accumsan&porta=felis&volutpat=ut&erat=at&quisque=dolor', 26);
insert into sales.website (url, customer_id) values ('http://bandcamp.com/ut.jpg?sed=sed&augue=tristique&aliquam=in&erat=tempus&volutpat=sit&in=amet&congue=sem&etiam=fusce&justo=consequat&etiam=nulla&pretium=nisl&iaculis=nunc&justo=nisl&in=duis&hac=bibendum&habitasse=felis', 34);
insert into sales.website (url, customer_id) values ('http://nih.gov/euismod/scelerisque/quam/turpis/adipiscing/lorem/vitae.xml?sodales=at&sed=velit&tincidunt=eu&eu=est&felis=congue&fusce=elementum&posuere=in&felis=hac&sed=habitasse&lacus=platea&morbi=dictumst&sem=morbi&mauris=vestibulum&laoreet=velit&ut=id&rhoncus=pretium&aliquet=iaculis&pulvinar=diam&sed=erat&nisl=fermentum&nunc=justo&rhoncus=nec&dui=condimentum&vel=neque&sem=sapien&sed=placerat&sagittis=ante&nam=nulla&congue=justo&risus=aliquam&semper=quis&porta=turpis&volutpat=eget&quam=elit&pede=sodales&lobortis=scelerisque&ligula=mauris&sit=sit&amet=amet&eleifend=eros&pede=suspendisse', 47);
insert into sales.website (url, customer_id) values ('http://mashable.com/eget.json?sapien=ut', 63);
insert into sales.website (url, customer_id) values ('https://rambler.ru/curabitur/convallis/duis/consequat/dui/nec/nisi.html?cum=velit&sociis=donec&natoque=diam&penatibus=neque&et=vestibulum&magnis=eget&dis=vulputate&parturient=ut&montes=ultrices&nascetur=vel&ridiculus=augue&mus=vestibulum&vivamus=ante&vestibulum=ipsum&sagittis=primis&sapien=in&cum=faucibus&sociis=orci&natoque=luctus&penatibus=et&et=ultrices&magnis=posuere&dis=cubilia&parturient=curae&montes=donec&nascetur=pharetra&ridiculus=magna&mus=vestibulum&etiam=aliquet&vel=ultrices&augue=erat&vestibulum=tortor&rutrum=sollicitudin&rutrum=mi&neque=sit', 83);
insert into sales.website (url, customer_id) values ('http://elegantthemes.com/eget/rutrum/at/lorem.jsp?augue=suscipit&aliquam=a&erat=feugiat&volutpat=et&in=eros&congue=vestibulum&etiam=ac&justo=est&etiam=lacinia&pretium=nisi&iaculis=venenatis&justo=tristique', 37);
insert into sales.website (url, customer_id) values ('http://altervista.org/posuere/cubilia/curae/nulla.xml?ultrices=vestibulum&posuere=ante&cubilia=ipsum&curae=primis', 75);
insert into sales.website (url, customer_id) values ('https://histats.com/tincidunt/ante/vel/ipsum/praesent/blandit.jpg?libero=tincidunt&convallis=nulla&eget=mollis&eleifend=molestie&luctus=lorem&ultricies=quisque&eu=ut&nibh=erat&quisque=curabitur&id=gravida&justo=nisi&sit=at&amet=nibh&sapien=in&dignissim=hac&vestibulum=habitasse&vestibulum=platea&ante=dictumst&ipsum=aliquam&primis=augue&in=quam&faucibus=sollicitudin&orci=vitae&luctus=consectetuer&et=eget&ultrices=rutrum&posuere=at&cubilia=lorem&curae=integer&nulla=tincidunt&dapibus=ante&dolor=vel&vel=ipsum&est=praesent&donec=blandit&odio=lacinia&justo=erat&sollicitudin=vestibulum&ut=sed&suscipit=magna&a=at&feugiat=nunc&et=commodo&eros=placerat&vestibulum=praesent&ac=blandit&est=nam&lacinia=nulla&nisi=integer&venenatis=pede&tristique=justo&fusce=lacinia&congue=eget&diam=tincidunt&id=eget&ornare=tempus&imperdiet=vel&sapien=pede&urna=morbi&pretium=porttitor&nisl=lorem&ut=id&volutpat=ligula&sapien=suspendisse&arcu=ornare&sed=consequat&augue=lectus&aliquam=in&erat=est&volutpat=risus&in=auctor', 45);
insert into sales.website (url, customer_id) values ('https://tripod.com/donec/quis.jsp?purus=luctus&eu=nec&magna=molestie&vulputate=sed&luctus=justo&cum=pellentesque&sociis=viverra&natoque=pede&penatibus=ac&et=diam&magnis=cras&dis=pellentesque', 10);
insert into sales.website (url, customer_id) values ('http://topsy.com/vel/nulla/eget/eros/elementum/pellentesque.html?a=dictumst&ipsum=maecenas&integer=ut&a=massa&nibh=quis', 53);
insert into sales.website (url, customer_id) values ('https://house.gov/nam.js?curabitur=morbi&gravida=porttitor&nisi=lorem&at=id&nibh=ligula&in=suspendisse&hac=ornare&habitasse=consequat&platea=lectus&dictumst=in&aliquam=est&augue=risus&quam=auctor&sollicitudin=sed&vitae=tristique&consectetuer=in&eget=tempus&rutrum=sit&at=amet&lorem=sem&integer=fusce&tincidunt=consequat&ante=nulla&vel=nisl&ipsum=nunc&praesent=nisl&blandit=duis&lacinia=bibendum&erat=felis&vestibulum=sed&sed=interdum&magna=venenatis&at=turpis&nunc=enim&commodo=blandit&placerat=mi&praesent=in&blandit=porttitor&nam=pede&nulla=justo&integer=eu&pede=massa&justo=donec&lacinia=dapibus&eget=duis&tincidunt=at&eget=velit&tempus=eu&vel=est&pede=congue&morbi=elementum&porttitor=in&lorem=hac&id=habitasse&ligula=platea&suspendisse=dictumst&ornare=morbi&consequat=vestibulum&lectus=velit&in=id&est=pretium&risus=iaculis', 28);
insert into sales.website (url, customer_id) values ('http://cdbaby.com/odio/elementum.json?magna=orci&at=luctus&nunc=et&commodo=ultrices&placerat=posuere&praesent=cubilia&blandit=curae&nam=nulla&nulla=dapibus&integer=dolor&pede=vel&justo=est&lacinia=donec&eget=odio&tincidunt=justo&eget=sollicitudin&tempus=ut&vel=suscipit&pede=a&morbi=feugiat&porttitor=et&lorem=eros&id=vestibulum&ligula=ac&suspendisse=est&ornare=lacinia&consequat=nisi&lectus=venenatis&in=tristique&est=fusce&risus=congue&auctor=diam&sed=id&tristique=ornare&in=imperdiet&tempus=sapien&sit=urna&amet=pretium&sem=nisl&fusce=ut&consequat=volutpat&nulla=sapien&nisl=arcu&nunc=sed&nisl=augue&duis=aliquam&bibendum=erat&felis=volutpat&sed=in&interdum=congue&venenatis=etiam&turpis=justo&enim=etiam&blandit=pretium&mi=iaculis&in=justo&porttitor=in&pede=hac&justo=habitasse&eu=platea&massa=dictumst&donec=etiam&dapibus=faucibus&duis=cursus&at=urna&velit=ut&eu=tellus&est=nulla&congue=ut&elementum=erat', 98);
insert into sales.website (url, customer_id) values ('https://army.mil/luctus/et/ultrices/posuere/cubilia/curae/nulla.jsp?volutpat=tristique&convallis=est&morbi=et&odio=tempus&odio=semper&elementum=est&eu=quam&interdum=pharetra&eu=magna&tincidunt=ac&in=consequat&leo=metus&maecenas=sapien&pulvinar=ut&lobortis=nunc&est=vestibulum&phasellus=ante&sit=ipsum&amet=primis&erat=in&nulla=faucibus&tempus=orci&vivamus=luctus&in=et&felis=ultrices&eu=posuere&sapien=cubilia&cursus=curae&vestibulum=mauris&proin=viverra&eu=diam&mi=vitae&nulla=quam&ac=suspendisse&enim=potenti&in=nullam&tempor=porttitor&turpis=lacus&nec=at&euismod=turpis&scelerisque=donec&quam=posuere&turpis=metus&adipiscing=vitae&lorem=ipsum&vitae=aliquam&mattis=non&nibh=mauris&ligula=morbi&nec=non&sem=lectus&duis=aliquam&aliquam=sit&convallis=amet&nunc=diam&proin=in&at=magna&turpis=bibendum&a=imperdiet&pede=nullam', 64);
insert into sales.website (url, customer_id) values ('https://storify.com/eu/mi/nulla/ac.js?magna=sapien&ac=iaculis&consequat=congue&metus=vivamus&sapien=metus&ut=arcu&nunc=adipiscing&vestibulum=molestie&ante=hendrerit&ipsum=at&primis=vulputate&in=vitae&faucibus=nisl&orci=aenean&luctus=lectus&et=pellentesque&ultrices=eget&posuere=nunc&cubilia=donec&curae=quis&mauris=orci&viverra=eget&diam=orci&vitae=vehicula&quam=condimentum&suspendisse=curabitur&potenti=in&nullam=libero&porttitor=ut&lacus=massa', 74);
insert into sales.website (url, customer_id) values ('https://amazon.co.jp/sed/sagittis/nam/congue/risus/semper.jpg?cras=vestibulum&non=rutrum&velit=rutrum&nec=neque&nisi=aenean&vulputate=auctor&nonummy=gravida&maecenas=sem&tincidunt=praesent&lacus=id&at=massa&velit=id&vivamus=nisl&vel=venenatis&nulla=lacinia&eget=aenean&eros=sit&elementum=amet&pellentesque=justo&quisque=morbi&porta=ut&volutpat=odio&erat=cras&quisque=mi&erat=pede&eros=malesuada&viverra=in&eget=imperdiet&congue=et&eget=commodo&semper=vulputate&rutrum=justo&nulla=in&nunc=blandit&purus=ultrices&phasellus=enim&in=lorem&felis=ipsum&donec=dolor&semper=sit&sapien=amet&a=consectetuer&libero=adipiscing&nam=elit&dui=proin&proin=interdum&leo=mauris&odio=non&porttitor=ligula&id=pellentesque&consequat=ultrices&in=phasellus&consequat=id&ut=sapien&nulla=in&sed=sapien&accumsan=iaculis&felis=congue&ut=vivamus&at=metus&dolor=arcu&quis=adipiscing&odio=molestie&consequat=hendrerit&varius=at&integer=vulputate&ac=vitae&leo=nisl&pellentesque=aenean&ultrices=lectus&mattis=pellentesque&odio=eget&donec=nunc&vitae=donec&nisi=quis&nam=orci&ultrices=eget&libero=orci&non=vehicula&mattis=condimentum&pulvinar=curabitur&nulla=in&pede=libero&ullamcorper=ut&augue=massa&a=volutpat&suscipit=convallis', 80);
insert into sales.website (url, customer_id) values ('https://issuu.com/vestibulum/sit/amet.json?ac=pharetra&neque=magna&duis=ac&bibendum=consequat&morbi=metus&non=sapien&quam=ut&nec=nunc&dui=vestibulum&luctus=ante&rutrum=ipsum&nulla=primis&tellus=in&in=faucibus&sagittis=orci&dui=luctus&vel=et&nisl=ultrices&duis=posuere&ac=cubilia&nibh=curae&fusce=mauris&lacus=viverra&purus=diam&aliquet=vitae&at=quam&feugiat=suspendisse&non=potenti&pretium=nullam&quis=porttitor&lectus=lacus&suspendisse=at&potenti=turpis&in=donec&eleifend=posuere&quam=metus&a=vitae&odio=ipsum&in=aliquam&hac=non&habitasse=mauris&platea=morbi&dictumst=non&maecenas=lectus&ut=aliquam&massa=sit&quis=amet&augue=diam&luctus=in&tincidunt=magna&nulla=bibendum&mollis=imperdiet&molestie=nullam&lorem=orci&quisque=pede&ut=venenatis&erat=non&curabitur=sodales&gravida=sed&nisi=tincidunt&at=eu&nibh=felis&in=fusce&hac=posuere&habitasse=felis&platea=sed&dictumst=lacus&aliquam=morbi&augue=sem&quam=mauris&sollicitudin=laoreet&vitae=ut&consectetuer=rhoncus&eget=aliquet&rutrum=pulvinar&at=sed&lorem=nisl&integer=nunc&tincidunt=rhoncus&ante=dui&vel=vel&ipsum=sem&praesent=sed', 99);
insert into sales.website (url, customer_id) values ('http://tripod.com/viverra/eget/congue/eget.jpg?ipsum=venenatis&praesent=non&blandit=sodales&lacinia=sed&erat=tincidunt&vestibulum=eu&sed=felis&magna=fusce&at=posuere&nunc=felis&commodo=sed&placerat=lacus&praesent=morbi&blandit=sem&nam=mauris&nulla=laoreet&integer=ut&pede=rhoncus&justo=aliquet&lacinia=pulvinar&eget=sed&tincidunt=nisl&eget=nunc&tempus=rhoncus&vel=dui&pede=vel&morbi=sem&porttitor=sed&lorem=sagittis&id=nam&ligula=congue&suspendisse=risus&ornare=semper&consequat=porta&lectus=volutpat&in=quam&est=pede&risus=lobortis&auctor=ligula&sed=sit&tristique=amet&in=eleifend&tempus=pede&sit=libero&amet=quis&sem=orci&fusce=nullam&consequat=molestie&nulla=nibh&nisl=in&nunc=lectus&nisl=pellentesque&duis=at&bibendum=nulla&felis=suspendisse&sed=potenti&interdum=cras&venenatis=in&turpis=purus&enim=eu&blandit=magna', 96);
insert into sales.website (url, customer_id) values ('http://europa.eu/sapien/quis/libero/nullam/sit/amet.aspx?potenti=sit&in=amet&eleifend=eros&quam=suspendisse&a=accumsan&odio=tortor&in=quis&hac=turpis', 95);
insert into sales.website (url, customer_id) values ('https://goo.gl/elit.xml?ipsum=integer&dolor=pede&sit=justo&amet=lacinia&consectetuer=eget&adipiscing=tincidunt&elit=eget&proin=tempus&interdum=vel&mauris=pede&non=morbi&ligula=porttitor&pellentesque=lorem&ultrices=id&phasellus=ligula&id=suspendisse&sapien=ornare&in=consequat&sapien=lectus&iaculis=in&congue=est&vivamus=risus&metus=auctor&arcu=sed&adipiscing=tristique&molestie=in&hendrerit=tempus&at=sit&vulputate=amet&vitae=sem&nisl=fusce&aenean=consequat&lectus=nulla&pellentesque=nisl&eget=nunc&nunc=nisl&donec=duis&quis=bibendum&orci=felis&eget=sed&orci=interdum&vehicula=venenatis&condimentum=turpis&curabitur=enim&in=blandit&libero=mi&ut=in&massa=porttitor&volutpat=pede&convallis=justo&morbi=eu&odio=massa&odio=donec&elementum=dapibus&eu=duis&interdum=at&eu=velit&tincidunt=eu&in=est&leo=congue&maecenas=elementum&pulvinar=in&lobortis=hac&est=habitasse&phasellus=platea&sit=dictumst&amet=morbi&erat=vestibulum&nulla=velit&tempus=id&vivamus=pretium&in=iaculis&felis=diam&eu=erat&sapien=fermentum&cursus=justo&vestibulum=nec&proin=condimentum&eu=neque&mi=sapien&nulla=placerat&ac=ante&enim=nulla&in=justo&tempor=aliquam&turpis=quis&nec=turpis&euismod=eget&scelerisque=elit&quam=sodales&turpis=scelerisque&adipiscing=mauris&lorem=sit&vitae=amet&mattis=eros&nibh=suspendisse&ligula=accumsan&nec=tortor&sem=quis', 32);
insert into sales.website (url, customer_id) values ('http://google.com/odio/curabitur/convallis/duis/consequat/dui/nec.xml?lacinia=amet&nisi=justo&venenatis=morbi&tristique=ut&fusce=odio&congue=cras&diam=mi&id=pede&ornare=malesuada&imperdiet=in&sapien=imperdiet&urna=et&pretium=commodo&nisl=vulputate&ut=justo&volutpat=in&sapien=blandit&arcu=ultrices&sed=enim&augue=lorem&aliquam=ipsum&erat=dolor&volutpat=sit&in=amet&congue=consectetuer&etiam=adipiscing&justo=elit&etiam=proin&pretium=interdum&iaculis=mauris&justo=non&in=ligula&hac=pellentesque&habitasse=ultrices&platea=phasellus&dictumst=id&etiam=sapien&faucibus=in&cursus=sapien&urna=iaculis&ut=congue&tellus=vivamus&nulla=metus&ut=arcu&erat=adipiscing&id=molestie&mauris=hendrerit&vulputate=at&elementum=vulputate&nullam=vitae&varius=nisl&nulla=aenean&facilisi=lectus&cras=pellentesque&non=eget&velit=nunc&nec=donec&nisi=quis&vulputate=orci&nonummy=eget&maecenas=orci&tincidunt=vehicula&lacus=condimentum&at=curabitur&velit=in&vivamus=libero&vel=ut&nulla=massa&eget=volutpat&eros=convallis&elementum=morbi&pellentesque=odio&quisque=odio&porta=elementum&volutpat=eu&erat=interdum&quisque=eu&erat=tincidunt&eros=in&viverra=leo&eget=maecenas&congue=pulvinar&eget=lobortis&semper=est&rutrum=phasellus&nulla=sit&nunc=amet&purus=erat&phasellus=nulla&in=tempus&felis=vivamus&donec=in&semper=felis&sapien=eu', 66);
insert into sales.website (url, customer_id) values ('http://wp.com/suspendisse/accumsan/tortor/quis.aspx?adipiscing=ac&molestie=est&hendrerit=lacinia&at=nisi&vulputate=venenatis&vitae=tristique&nisl=fusce&aenean=congue&lectus=diam&pellentesque=id&eget=ornare&nunc=imperdiet&donec=sapien&quis=urna&orci=pretium&eget=nisl&orci=ut&vehicula=volutpat&condimentum=sapien&curabitur=arcu&in=sed&libero=augue&ut=aliquam&massa=erat&volutpat=volutpat&convallis=in&morbi=congue&odio=etiam&odio=justo&elementum=etiam&eu=pretium&interdum=iaculis&eu=justo&tincidunt=in&in=hac&leo=habitasse&maecenas=platea&pulvinar=dictumst&lobortis=etiam&est=faucibus&phasellus=cursus&sit=urna&amet=ut&erat=tellus&nulla=nulla&tempus=ut&vivamus=erat&in=id&felis=mauris&eu=vulputate&sapien=elementum&cursus=nullam&vestibulum=varius&proin=nulla&eu=facilisi&mi=cras&nulla=non&ac=velit&enim=nec&in=nisi&tempor=vulputate&turpis=nonummy&nec=maecenas&euismod=tincidunt&scelerisque=lacus&quam=at&turpis=velit&adipiscing=vivamus&lorem=vel&vitae=nulla&mattis=eget&nibh=eros&ligula=elementum&nec=pellentesque&sem=quisque&duis=porta&aliquam=volutpat&convallis=erat&nunc=quisque&proin=erat', 79);
insert into sales.website (url, customer_id) values ('http://indiatimes.com/tristique/fusce/congue.json?elementum=augue&ligula=a&vehicula=suscipit&consequat=nulla&morbi=elit&a=ac&ipsum=nulla&integer=sed&a=vel&nibh=enim&in=sit&quis=amet&justo=nunc&maecenas=viverra&rhoncus=dapibus&aliquam=nulla&lacus=suscipit&morbi=ligula&quis=in&tortor=lacus&id=curabitur&nulla=at&ultrices=ipsum&aliquet=ac&maecenas=tellus&leo=semper&odio=interdum&condimentum=mauris&id=ullamcorper', 9);
insert into sales.website (url, customer_id) values ('https://yale.edu/donec.jsp?pede=suspendisse&justo=accumsan&eu=tortor&massa=quis&donec=turpis&dapibus=sed&duis=ante&at=vivamus&velit=tortor&eu=duis&est=mattis&congue=egestas&elementum=metus&in=aenean&hac=fermentum&habitasse=donec&platea=ut&dictumst=mauris&morbi=eget&vestibulum=massa&velit=tempor&id=convallis&pretium=nulla&iaculis=neque&diam=libero&erat=convallis&fermentum=eget&justo=eleifend&nec=luctus&condimentum=ultricies&neque=eu&sapien=nibh&placerat=quisque', 26);
insert into sales.website (url, customer_id) values ('https://baidu.com/integer/ac.jsp?quisque=et&porta=tempus&volutpat=semper&erat=est&quisque=quam&erat=pharetra&eros=magna&viverra=ac&eget=consequat&congue=metus&eget=sapien&semper=ut&rutrum=nunc&nulla=vestibulum&nunc=ante&purus=ipsum&phasellus=primis&in=in&felis=faucibus&donec=orci&semper=luctus&sapien=et&a=ultrices&libero=posuere&nam=cubilia&dui=curae&proin=mauris&leo=viverra&odio=diam&porttitor=vitae&id=quam&consequat=suspendisse&in=potenti&consequat=nullam&ut=porttitor&nulla=lacus&sed=at&accumsan=turpis&felis=donec&ut=posuere&at=metus&dolor=vitae&quis=ipsum&odio=aliquam&consequat=non&varius=mauris&integer=morbi&ac=non&leo=lectus&pellentesque=aliquam&ultrices=sit&mattis=amet&odio=diam&donec=in&vitae=magna&nisi=bibendum&nam=imperdiet&ultrices=nullam&libero=orci', 57);
insert into sales.website (url, customer_id) values ('https://ucla.edu/mauris.json?quisque=nascetur&porta=ridiculus&volutpat=mus&erat=etiam&quisque=vel&erat=augue&eros=vestibulum&viverra=rutrum&eget=rutrum&congue=neque&eget=aenean&semper=auctor&rutrum=gravida&nulla=sem&nunc=praesent&purus=id&phasellus=massa&in=id&felis=nisl&donec=venenatis&semper=lacinia&sapien=aenean&a=sit&libero=amet&nam=justo&dui=morbi&proin=ut&leo=odio&odio=cras&porttitor=mi&id=pede&consequat=malesuada&in=in&consequat=imperdiet&ut=et&nulla=commodo&sed=vulputate&accumsan=justo&felis=in&ut=blandit&at=ultrices&dolor=enim&quis=lorem&odio=ipsum&consequat=dolor&varius=sit&integer=amet&ac=consectetuer&leo=adipiscing&pellentesque=elit&ultrices=proin&mattis=interdum&odio=mauris&donec=non&vitae=ligula&nisi=pellentesque&nam=ultrices&ultrices=phasellus&libero=id&non=sapien&mattis=in&pulvinar=sapien&nulla=iaculis&pede=congue&ullamcorper=vivamus&augue=metus&a=arcu&suscipit=adipiscing&nulla=molestie&elit=hendrerit&ac=at&nulla=vulputate&sed=vitae&vel=nisl&enim=aenean&sit=lectus&amet=pellentesque&nunc=eget&viverra=nunc&dapibus=donec&nulla=quis&suscipit=orci&ligula=eget&in=orci&lacus=vehicula&curabitur=condimentum&at=curabitur&ipsum=in&ac=libero&tellus=ut&semper=massa&interdum=volutpat', 68);
insert into sales.website (url, customer_id) values ('http://i2i.jp/convallis/eget/eleifend/luctus/ultricies/eu.js?maecenas=libero&pulvinar=quis&lobortis=orci&est=nullam&phasellus=molestie&sit=nibh&amet=in&erat=lectus&nulla=pellentesque&tempus=at&vivamus=nulla&in=suspendisse&felis=potenti&eu=cras&sapien=in&cursus=purus&vestibulum=eu&proin=magna&eu=vulputate&mi=luctus&nulla=cum&ac=sociis&enim=natoque&in=penatibus&tempor=et&turpis=magnis&nec=dis&euismod=parturient&scelerisque=montes&quam=nascetur&turpis=ridiculus&adipiscing=mus&lorem=vivamus&vitae=vestibulum&mattis=sagittis&nibh=sapien&ligula=cum&nec=sociis&sem=natoque&duis=penatibus', 88);
insert into sales.website (url, customer_id) values ('http://storify.com/id/ornare/imperdiet/sapien/urna.xml?mauris=vel&viverra=lectus&diam=in&vitae=quam&quam=fringilla&suspendisse=rhoncus&potenti=mauris&nullam=enim&porttitor=leo&lacus=rhoncus&at=sed&turpis=vestibulum&donec=sit&posuere=amet&metus=cursus&vitae=id&ipsum=turpis&aliquam=integer&non=aliquet&mauris=massa&morbi=id&non=lobortis&lectus=convallis&aliquam=tortor&sit=risus&amet=dapibus&diam=augue&in=vel&magna=accumsan&bibendum=tellus&imperdiet=nisi&nullam=eu&orci=orci&pede=mauris&venenatis=lacinia&non=sapien&sodales=quis&sed=libero&tincidunt=nullam&eu=sit&felis=amet&fusce=turpis&posuere=elementum&felis=ligula&sed=vehicula', 35);
insert into sales.website (url, customer_id) values ('http://seattletimes.com/pede.jpg?duis=aenean&faucibus=fermentum&accumsan=donec&odio=ut&curabitur=mauris&convallis=eget&duis=massa&consequat=tempor&dui=convallis&nec=nulla&nisi=neque&volutpat=libero&eleifend=convallis&donec=eget&ut=eleifend&dolor=luctus&morbi=ultricies&vel=eu&lectus=nibh&in=quisque&quam=id&fringilla=justo&rhoncus=sit&mauris=amet&enim=sapien&leo=dignissim&rhoncus=vestibulum&sed=vestibulum&vestibulum=ante&sit=ipsum&amet=primis&cursus=in&id=faucibus&turpis=orci&integer=luctus&aliquet=et&massa=ultrices&id=posuere&lobortis=cubilia&convallis=curae&tortor=nulla&risus=dapibus&dapibus=dolor&augue=vel&vel=est&accumsan=donec&tellus=odio&nisi=justo&eu=sollicitudin&orci=ut&mauris=suscipit&lacinia=a&sapien=feugiat&quis=et&libero=eros&nullam=vestibulum&sit=ac&amet=est&turpis=lacinia&elementum=nisi&ligula=venenatis&vehicula=tristique&consequat=fusce&morbi=congue&a=diam&ipsum=id&integer=ornare&a=imperdiet&nibh=sapien&in=urna&quis=pretium&justo=nisl&maecenas=ut&rhoncus=volutpat&aliquam=sapien&lacus=arcu&morbi=sed&quis=augue&tortor=aliquam&id=erat&nulla=volutpat', 2);
insert into sales.website (url, customer_id) values ('http://imageshack.us/metus/arcu/adipiscing/molestie/hendrerit/at/vulputate.html?consequat=ipsum&dui=integer&nec=a&nisi=nibh&volutpat=in&eleifend=quis&donec=justo&ut=maecenas&dolor=rhoncus&morbi=aliquam&vel=lacus&lectus=morbi&in=quis&quam=tortor&fringilla=id&rhoncus=nulla&mauris=ultrices&enim=aliquet&leo=maecenas&rhoncus=leo&sed=odio&vestibulum=condimentum&sit=id&amet=luctus&cursus=nec', 11);
insert into sales.website (url, customer_id) values ('https://adobe.com/non/mi/integer/ac.html?nunc=mauris&nisl=viverra&duis=diam&bibendum=vitae&felis=quam&sed=suspendisse&interdum=potenti&venenatis=nullam&turpis=porttitor&enim=lacus&blandit=at&mi=turpis&in=donec&porttitor=posuere&pede=metus&justo=vitae&eu=ipsum&massa=aliquam&donec=non&dapibus=mauris&duis=morbi&at=non&velit=lectus&eu=aliquam&est=sit&congue=amet&elementum=diam&in=in&hac=magna&habitasse=bibendum&platea=imperdiet&dictumst=nullam&morbi=orci&vestibulum=pede&velit=venenatis&id=non&pretium=sodales&iaculis=sed&diam=tincidunt&erat=eu&fermentum=felis&justo=fusce&nec=posuere&condimentum=felis&neque=sed&sapien=lacus&placerat=morbi&ante=sem&nulla=mauris&justo=laoreet&aliquam=ut&quis=rhoncus&turpis=aliquet&eget=pulvinar&elit=sed&sodales=nisl&scelerisque=nunc&mauris=rhoncus&sit=dui&amet=vel&eros=sem&suspendisse=sed&accumsan=sagittis&tortor=nam&quis=congue&turpis=risus&sed=semper&ante=porta&vivamus=volutpat&tortor=quam&duis=pede&mattis=lobortis&egestas=ligula&metus=sit', 98);
insert into sales.website (url, customer_id) values ('http://qq.com/ultrices/vel/augue/vestibulum.js?convallis=justo&nunc=etiam&proin=pretium&at=iaculis&turpis=justo&a=in&pede=hac&posuere=habitasse&nonummy=platea&integer=dictumst&non=etiam&velit=faucibus&donec=cursus&diam=urna&neque=ut&vestibulum=tellus&eget=nulla&vulputate=ut&ut=erat&ultrices=id&vel=mauris&augue=vulputate&vestibulum=elementum&ante=nullam&ipsum=varius&primis=nulla&in=facilisi&faucibus=cras&orci=non&luctus=velit&et=nec&ultrices=nisi&posuere=vulputate&cubilia=nonummy&curae=maecenas&donec=tincidunt&pharetra=lacus&magna=at&vestibulum=velit&aliquet=vivamus&ultrices=vel&erat=nulla&tortor=eget&sollicitudin=eros&mi=elementum&sit=pellentesque&amet=quisque&lobortis=porta&sapien=volutpat&sapien=erat&non=quisque&mi=erat&integer=eros&ac=viverra&neque=eget&duis=congue&bibendum=eget&morbi=semper&non=rutrum&quam=nulla&nec=nunc&dui=purus&luctus=phasellus&rutrum=in&nulla=felis&tellus=donec&in=semper&sagittis=sapien&dui=a&vel=libero&nisl=nam&duis=dui&ac=proin&nibh=leo&fusce=odio&lacus=porttitor&purus=id&aliquet=consequat&at=in&feugiat=consequat&non=ut&pretium=nulla&quis=sed&lectus=accumsan&suspendisse=felis&potenti=ut&in=at&eleifend=dolor&quam=quis&a=odio&odio=consequat&in=varius&hac=integer&habitasse=ac&platea=leo', 64);
insert into sales.website (url, customer_id) values ('https://umn.edu/sem.jpg?ipsum=lacinia&praesent=aenean', 56);
insert into sales.website (url, customer_id) values ('https://google.co.jp/vestibulum/eget/vulputate/ut/ultrices/vel/augue.json?feugiat=suspendisse&non=potenti&pretium=nullam&quis=porttitor&lectus=lacus&suspendisse=at&potenti=turpis&in=donec&eleifend=posuere&quam=metus&a=vitae&odio=ipsum&in=aliquam&hac=non&habitasse=mauris&platea=morbi&dictumst=non&maecenas=lectus&ut=aliquam&massa=sit&quis=amet&augue=diam&luctus=in&tincidunt=magna&nulla=bibendum&mollis=imperdiet&molestie=nullam&lorem=orci&quisque=pede&ut=venenatis&erat=non&curabitur=sodales&gravida=sed&nisi=tincidunt&at=eu&nibh=felis&in=fusce&hac=posuere&habitasse=felis&platea=sed&dictumst=lacus&aliquam=morbi&augue=sem&quam=mauris&sollicitudin=laoreet&vitae=ut&consectetuer=rhoncus&eget=aliquet&rutrum=pulvinar&at=sed&lorem=nisl&integer=nunc&tincidunt=rhoncus&ante=dui&vel=vel&ipsum=sem', 24);
insert into sales.website (url, customer_id) values ('http://pinterest.com/tellus/semper/interdum/mauris/ullamcorper/purus.json?eget=pede&nunc=justo&donec=eu&quis=massa&orci=donec&eget=dapibus&orci=duis&vehicula=at&condimentum=velit&curabitur=eu&in=est&libero=congue&ut=elementum&massa=in&volutpat=hac&convallis=habitasse&morbi=platea&odio=dictumst&odio=morbi&elementum=vestibulum&eu=velit&interdum=id&eu=pretium&tincidunt=iaculis&in=diam&leo=erat&maecenas=fermentum&pulvinar=justo&lobortis=nec&est=condimentum&phasellus=neque&sit=sapien&amet=placerat&erat=ante&nulla=nulla&tempus=justo&vivamus=aliquam&in=quis&felis=turpis&eu=eget&sapien=elit&cursus=sodales&vestibulum=scelerisque&proin=mauris&eu=sit&mi=amet&nulla=eros&ac=suspendisse&enim=accumsan&in=tortor&tempor=quis&turpis=turpis&nec=sed&euismod=ante&scelerisque=vivamus&quam=tortor&turpis=duis&adipiscing=mattis&lorem=egestas&vitae=metus&mattis=aenean&nibh=fermentum&ligula=donec&nec=ut&sem=mauris', 54);
insert into sales.website (url, customer_id) values ('https://php.net/tristique/fusce/congue/diam.jsp?fusce=dictumst&consequat=morbi&nulla=vestibulum&nisl=velit&nunc=id&nisl=pretium&duis=iaculis&bibendum=diam&felis=erat&sed=fermentum&interdum=justo&venenatis=nec&turpis=condimentum&enim=neque&blandit=sapien&mi=placerat&in=ante', 85);
insert into sales.website (url, customer_id) values ('https://webmd.com/habitasse/platea/dictumst/morbi.aspx?in=nam&sapien=nulla&iaculis=integer&congue=pede&vivamus=justo&metus=lacinia&arcu=eget&adipiscing=tincidunt&molestie=eget&hendrerit=tempus&at=vel&vulputate=pede&vitae=morbi&nisl=porttitor&aenean=lorem&lectus=id&pellentesque=ligula&eget=suspendisse&nunc=ornare&donec=consequat&quis=lectus&orci=in&eget=est&orci=risus&vehicula=auctor&condimentum=sed&curabitur=tristique&in=in&libero=tempus&ut=sit&massa=amet&volutpat=sem&convallis=fusce&morbi=consequat&odio=nulla&odio=nisl&elementum=nunc&eu=nisl&interdum=duis&eu=bibendum&tincidunt=felis&in=sed&leo=interdum&maecenas=venenatis&pulvinar=turpis&lobortis=enim&est=blandit&phasellus=mi&sit=in&amet=porttitor&erat=pede&nulla=justo&tempus=eu&vivamus=massa&in=donec&felis=dapibus&eu=duis&sapien=at&cursus=velit&vestibulum=eu&proin=est&eu=congue&mi=elementum&nulla=in&ac=hac&enim=habitasse&in=platea&tempor=dictumst&turpis=morbi&nec=vestibulum&euismod=velit&scelerisque=id&quam=pretium&turpis=iaculis&adipiscing=diam&lorem=erat', 97);
insert into sales.website (url, customer_id) values ('https://free.fr/sodales.html?viverra=lorem&dapibus=ipsum&nulla=dolor&suscipit=sit&ligula=amet&in=consectetuer&lacus=adipiscing&curabitur=elit&at=proin&ipsum=risus&ac=praesent&tellus=lectus&semper=vestibulum&interdum=quam&mauris=sapien&ullamcorper=varius&purus=ut&sit=blandit&amet=non', 40);
insert into sales.website (url, customer_id) values ('https://amazon.co.jp/a/pede/posuere/nonummy/integer.js?hac=in&habitasse=hac&platea=habitasse&dictumst=platea&aliquam=dictumst&augue=morbi&quam=vestibulum&sollicitudin=velit&vitae=id&consectetuer=pretium&eget=iaculis&rutrum=diam&at=erat&lorem=fermentum&integer=justo&tincidunt=nec&ante=condimentum&vel=neque&ipsum=sapien&praesent=placerat&blandit=ante&lacinia=nulla&erat=justo&vestibulum=aliquam&sed=quis&magna=turpis&at=eget&nunc=elit&commodo=sodales&placerat=scelerisque&praesent=mauris&blandit=sit&nam=amet&nulla=eros&integer=suspendisse&pede=accumsan&justo=tortor&lacinia=quis&eget=turpis&tincidunt=sed&eget=ante&tempus=vivamus&vel=tortor&pede=duis&morbi=mattis&porttitor=egestas&lorem=metus&id=aenean&ligula=fermentum&suspendisse=donec&ornare=ut&consequat=mauris&lectus=eget&in=massa&est=tempor&risus=convallis&auctor=nulla&sed=neque&tristique=libero&in=convallis&tempus=eget&sit=eleifend&amet=luctus&sem=ultricies&fusce=eu&consequat=nibh&nulla=quisque&nisl=id&nunc=justo&nisl=sit&duis=amet&bibendum=sapien&felis=dignissim&sed=vestibulum&interdum=vestibulum&venenatis=ante&turpis=ipsum&enim=primis&blandit=in&mi=faucibus&in=orci&porttitor=luctus&pede=et&justo=ultrices&eu=posuere&massa=cubilia&donec=curae&dapibus=nulla&duis=dapibus', 90);
insert into sales.website (url, customer_id) values ('http://cbsnews.com/posuere/nonummy/integer/non.jpg?neque=eget&duis=tincidunt&bibendum=eget&morbi=tempus&non=vel&quam=pede&nec=morbi&dui=porttitor&luctus=lorem&rutrum=id&nulla=ligula&tellus=suspendisse&in=ornare&sagittis=consequat&dui=lectus&vel=in&nisl=est&duis=risus&ac=auctor&nibh=sed&fusce=tristique&lacus=in&purus=tempus&aliquet=sit&at=amet&feugiat=sem&non=fusce&pretium=consequat&quis=nulla&lectus=nisl&suspendisse=nunc&potenti=nisl&in=duis&eleifend=bibendum&quam=felis&a=sed&odio=interdum&in=venenatis&hac=turpis&habitasse=enim&platea=blandit&dictumst=mi&maecenas=in&ut=porttitor&massa=pede&quis=justo&augue=eu&luctus=massa&tincidunt=donec&nulla=dapibus&mollis=duis&molestie=at&lorem=velit&quisque=eu&ut=est&erat=congue&curabitur=elementum&gravida=in&nisi=hac&at=habitasse&nibh=platea&in=dictumst&hac=morbi&habitasse=vestibulum&platea=velit&dictumst=id&aliquam=pretium&augue=iaculis&quam=diam&sollicitudin=erat&vitae=fermentum&consectetuer=justo&eget=nec&rutrum=condimentum&at=neque&lorem=sapien&integer=placerat&tincidunt=ante&ante=nulla&vel=justo&ipsum=aliquam', 83);
insert into sales.website (url, customer_id) values ('https://ibm.com/duis/ac/nibh/fusce/lacus/purus.json?ipsum=nulla&primis=facilisi&in=cras&faucibus=non&orci=velit&luctus=nec&et=nisi&ultrices=vulputate&posuere=nonummy&cubilia=maecenas&curae=tincidunt&duis=lacus&faucibus=at&accumsan=velit&odio=vivamus&curabitur=vel&convallis=nulla&duis=eget&consequat=eros&dui=elementum&nec=pellentesque&nisi=quisque&volutpat=porta&eleifend=volutpat&donec=erat&ut=quisque&dolor=erat&morbi=eros&vel=viverra&lectus=eget&in=congue&quam=eget&fringilla=semper&rhoncus=rutrum&mauris=nulla&enim=nunc&leo=purus&rhoncus=phasellus&sed=in&vestibulum=felis&sit=donec&amet=semper&cursus=sapien&id=a&turpis=libero&integer=nam&aliquet=dui&massa=proin&id=leo', 18);
insert into sales.website (url, customer_id) values ('http://usnews.com/tempor/turpis.json?rhoncus=cras&dui=non&vel=velit&sem=nec&sed=nisi&sagittis=vulputate&nam=nonummy&congue=maecenas&risus=tincidunt&semper=lacus&porta=at&volutpat=velit&quam=vivamus&pede=vel&lobortis=nulla&ligula=eget&sit=eros&amet=elementum&eleifend=pellentesque&pede=quisque&libero=porta&quis=volutpat&orci=erat&nullam=quisque&molestie=erat&nibh=eros&in=viverra&lectus=eget&pellentesque=congue&at=eget&nulla=semper&suspendisse=rutrum&potenti=nulla&cras=nunc&in=purus&purus=phasellus&eu=in&magna=felis&vulputate=donec&luctus=semper&cum=sapien&sociis=a&natoque=libero&penatibus=nam&et=dui&magnis=proin&dis=leo&parturient=odio&montes=porttitor&nascetur=id&ridiculus=consequat&mus=in&vivamus=consequat&vestibulum=ut&sagittis=nulla&sapien=sed&cum=accumsan&sociis=felis&natoque=ut&penatibus=at&et=dolor&magnis=quis&dis=odio&parturient=consequat&montes=varius&nascetur=integer&ridiculus=ac&mus=leo&etiam=pellentesque&vel=ultrices&augue=mattis&vestibulum=odio&rutrum=donec&rutrum=vitae&neque=nisi&aenean=nam&auctor=ultrices&gravida=libero&sem=non&praesent=mattis&id=pulvinar&massa=nulla&id=pede&nisl=ullamcorper&venenatis=augue&lacinia=a&aenean=suscipit&sit=nulla&amet=elit&justo=ac&morbi=nulla', 31);
insert into sales.website (url, customer_id) values ('https://twitter.com/ac/est/lacinia.jsp?massa=erat&id=eros&nisl=viverra&venenatis=eget&lacinia=congue&aenean=eget&sit=semper&amet=rutrum&justo=nulla&morbi=nunc&ut=purus&odio=phasellus&cras=in&mi=felis&pede=donec&malesuada=semper&in=sapien&imperdiet=a&et=libero&commodo=nam&vulputate=dui&justo=proin&in=leo&blandit=odio&ultrices=porttitor&enim=id&lorem=consequat&ipsum=in&dolor=consequat&sit=ut&amet=nulla&consectetuer=sed&adipiscing=accumsan&elit=felis&proin=ut&interdum=at&mauris=dolor&non=quis&ligula=odio&pellentesque=consequat&ultrices=varius&phasellus=integer&id=ac&sapien=leo&in=pellentesque&sapien=ultrices&iaculis=mattis&congue=odio&vivamus=donec&metus=vitae&arcu=nisi&adipiscing=nam&molestie=ultrices&hendrerit=libero&at=non&vulputate=mattis&vitae=pulvinar&nisl=nulla&aenean=pede&lectus=ullamcorper&pellentesque=augue&eget=a&nunc=suscipit&donec=nulla&quis=elit&orci=ac&eget=nulla&orci=sed&vehicula=vel&condimentum=enim&curabitur=sit', 64);
insert into sales.website (url, customer_id) values ('https://bbc.co.uk/gravida/sem.png?tincidunt=nisl&lacus=nunc&at=rhoncus&velit=dui&vivamus=vel&vel=sem&nulla=sed&eget=sagittis&eros=nam&elementum=congue&pellentesque=risus&quisque=semper&porta=porta&volutpat=volutpat&erat=quam&quisque=pede&erat=lobortis&eros=ligula&viverra=sit&eget=amet&congue=eleifend&eget=pede&semper=libero&rutrum=quis&nulla=orci&nunc=nullam&purus=molestie&phasellus=nibh&in=in&felis=lectus&donec=pellentesque&semper=at&sapien=nulla&a=suspendisse&libero=potenti&nam=cras&dui=in', 7);
insert into sales.website (url, customer_id) values ('http://salon.com/vehicula/consequat.jsp?in=pellentesque&leo=volutpat&maecenas=dui&pulvinar=maecenas&lobortis=tristique&est=est&phasellus=et&sit=tempus&amet=semper&erat=est&nulla=quam&tempus=pharetra&vivamus=magna&in=ac&felis=consequat&eu=metus&sapien=sapien&cursus=ut&vestibulum=nunc&proin=vestibulum&eu=ante&mi=ipsum&nulla=primis&ac=in&enim=faucibus&in=orci&tempor=luctus&turpis=et&nec=ultrices&euismod=posuere&scelerisque=cubilia&quam=curae&turpis=mauris&adipiscing=viverra&lorem=diam&vitae=vitae&mattis=quam&nibh=suspendisse&ligula=potenti&nec=nullam&sem=porttitor&duis=lacus&aliquam=at&convallis=turpis&nunc=donec', 4);
insert into sales.website (url, customer_id) values ('https://dell.com/lectus/in/est.jsp?sapien=quisque&dignissim=ut&vestibulum=erat&vestibulum=curabitur&ante=gravida&ipsum=nisi&primis=at&in=nibh&faucibus=in&orci=hac&luctus=habitasse&et=platea&ultrices=dictumst&posuere=aliquam&cubilia=augue&curae=quam&nulla=sollicitudin&dapibus=vitae&dolor=consectetuer&vel=eget&est=rutrum&donec=at&odio=lorem&justo=integer&sollicitudin=tincidunt&ut=ante&suscipit=vel&a=ipsum&feugiat=praesent&et=blandit&eros=lacinia&vestibulum=erat&ac=vestibulum&est=sed&lacinia=magna&nisi=at&venenatis=nunc&tristique=commodo&fusce=placerat&congue=praesent&diam=blandit&id=nam&ornare=nulla&imperdiet=integer&sapien=pede&urna=justo&pretium=lacinia&nisl=eget&ut=tincidunt&volutpat=eget&sapien=tempus&arcu=vel&sed=pede&augue=morbi&aliquam=porttitor&erat=lorem&volutpat=id&in=ligula&congue=suspendisse&etiam=ornare&justo=consequat&etiam=lectus&pretium=in&iaculis=est&justo=risus&in=auctor&hac=sed&habitasse=tristique&platea=in&dictumst=tempus&etiam=sit&faucibus=amet&cursus=sem&urna=fusce&ut=consequat&tellus=nulla&nulla=nisl&ut=nunc&erat=nisl&id=duis&mauris=bibendum&vulputate=felis', 23);
insert into sales.website (url, customer_id) values ('https://bluehost.com/sem/sed/sagittis/nam/congue.png?blandit=nec&ultrices=euismod&enim=scelerisque&lorem=quam&ipsum=turpis&dolor=adipiscing&sit=lorem&amet=vitae&consectetuer=mattis&adipiscing=nibh&elit=ligula&proin=nec&interdum=sem&mauris=duis', 43);
insert into sales.website (url, customer_id) values ('http://latimes.com/praesent/blandit/lacinia/erat/vestibulum/sed/magna.js?lobortis=accumsan&est=tellus&phasellus=nisi&sit=eu&amet=orci&erat=mauris&nulla=lacinia&tempus=sapien&vivamus=quis&in=libero&felis=nullam&eu=sit&sapien=amet&cursus=turpis&vestibulum=elementum&proin=ligula&eu=vehicula&mi=consequat&nulla=morbi&ac=a&enim=ipsum&in=integer&tempor=a&turpis=nibh&nec=in&euismod=quis&scelerisque=justo&quam=maecenas&turpis=rhoncus&adipiscing=aliquam&lorem=lacus&vitae=morbi&mattis=quis&nibh=tortor&ligula=id', 5);
insert into sales.website (url, customer_id) values ('http://free.fr/id/justo/sit/amet/sapien.html?morbi=sit&non=amet&quam=eros&nec=suspendisse&dui=accumsan&luctus=tortor&rutrum=quis&nulla=turpis&tellus=sed&in=ante&sagittis=vivamus&dui=tortor&vel=duis&nisl=mattis&duis=egestas&ac=metus&nibh=aenean&fusce=fermentum&lacus=donec&purus=ut&aliquet=mauris&at=eget&feugiat=massa&non=tempor&pretium=convallis&quis=nulla&lectus=neque&suspendisse=libero&potenti=convallis&in=eget&eleifend=eleifend&quam=luctus&a=ultricies&odio=eu&in=nibh&hac=quisque&habitasse=id&platea=justo&dictumst=sit&maecenas=amet&ut=sapien&massa=dignissim&quis=vestibulum&augue=vestibulum&luctus=ante&tincidunt=ipsum&nulla=primis&mollis=in&molestie=faucibus', 13);
insert into sales.website (url, customer_id) values ('http://merriam-webster.com/suspendisse/potenti.json?venenatis=habitasse&lacinia=platea&aenean=dictumst&sit=maecenas&amet=ut&justo=massa&morbi=quis&ut=augue&odio=luctus&cras=tincidunt&mi=nulla&pede=mollis&malesuada=molestie&in=lorem&imperdiet=quisque&et=ut&commodo=erat&vulputate=curabitur&justo=gravida&in=nisi&blandit=at&ultrices=nibh&enim=in&lorem=hac&ipsum=habitasse&dolor=platea&sit=dictumst&amet=aliquam&consectetuer=augue&adipiscing=quam&elit=sollicitudin&proin=vitae&interdum=consectetuer&mauris=eget&non=rutrum&ligula=at&pellentesque=lorem&ultrices=integer&phasellus=tincidunt&id=ante&sapien=vel&in=ipsum&sapien=praesent&iaculis=blandit&congue=lacinia&vivamus=erat&metus=vestibulum&arcu=sed&adipiscing=magna&molestie=at&hendrerit=nunc&at=commodo&vulputate=placerat&vitae=praesent&nisl=blandit&aenean=nam&lectus=nulla&pellentesque=integer&eget=pede&nunc=justo&donec=lacinia&quis=eget&orci=tincidunt&eget=eget&orci=tempus&vehicula=vel&condimentum=pede&curabitur=morbi&in=porttitor&libero=lorem&ut=id&massa=ligula&volutpat=suspendisse', 61);
insert into sales.website (url, customer_id) values ('http://pen.io/viverra/pede.jsp?metus=molestie&aenean=hendrerit&fermentum=at&donec=vulputate&ut=vitae&mauris=nisl&eget=aenean&massa=lectus&tempor=pellentesque&convallis=eget&nulla=nunc&neque=donec&libero=quis&convallis=orci&eget=eget&eleifend=orci&luctus=vehicula&ultricies=condimentum&eu=curabitur&nibh=in&quisque=libero&id=ut&justo=massa&sit=volutpat&amet=convallis&sapien=morbi&dignissim=odio&vestibulum=odio&vestibulum=elementum&ante=eu&ipsum=interdum&primis=eu&in=tincidunt&faucibus=in&orci=leo&luctus=maecenas&et=pulvinar&ultrices=lobortis&posuere=est&cubilia=phasellus&curae=sit&nulla=amet&dapibus=erat&dolor=nulla&vel=tempus&est=vivamus&donec=in&odio=felis&justo=eu&sollicitudin=sapien&ut=cursus&suscipit=vestibulum&a=proin&feugiat=eu&et=mi&eros=nulla&vestibulum=ac&ac=enim&est=in&lacinia=tempor&nisi=turpis&venenatis=nec&tristique=euismod&fusce=scelerisque&congue=quam&diam=turpis&id=adipiscing&ornare=lorem&imperdiet=vitae&sapien=mattis&urna=nibh&pretium=ligula&nisl=nec&ut=sem&volutpat=duis&sapien=aliquam&arcu=convallis&sed=nunc&augue=proin&aliquam=at&erat=turpis&volutpat=a&in=pede', 50);
insert into sales.website (url, customer_id) values ('https://live.com/amet.js?erat=ultrices', 48);
insert into sales.website (url, customer_id) values ('http://ftc.gov/at/diam/nam/tristique/tortor/eu/pede.png?dictumst=elementum&etiam=eu&faucibus=interdum&cursus=eu&urna=tincidunt&ut=in&tellus=leo&nulla=maecenas&ut=pulvinar&erat=lobortis&id=est&mauris=phasellus&vulputate=sit&elementum=amet&nullam=erat&varius=nulla&nulla=tempus&facilisi=vivamus&cras=in&non=felis&velit=eu&nec=sapien&nisi=cursus&vulputate=vestibulum&nonummy=proin&maecenas=eu&tincidunt=mi&lacus=nulla&at=ac&velit=enim&vivamus=in&vel=tempor&nulla=turpis&eget=nec&eros=euismod&elementum=scelerisque&pellentesque=quam&quisque=turpis&porta=adipiscing&volutpat=lorem&erat=vitae&quisque=mattis&erat=nibh&eros=ligula&viverra=nec&eget=sem&congue=duis&eget=aliquam&semper=convallis&rutrum=nunc&nulla=proin&nunc=at&purus=turpis&phasellus=a&in=pede&felis=posuere&donec=nonummy&semper=integer&sapien=non&a=velit&libero=donec&nam=diam&dui=neque&proin=vestibulum&leo=eget&odio=vulputate&porttitor=ut&id=ultrices&consequat=vel&in=augue&consequat=vestibulum&ut=ante&nulla=ipsum&sed=primis&accumsan=in&felis=faucibus&ut=orci&at=luctus&dolor=et&quis=ultrices&odio=posuere&consequat=cubilia&varius=curae&integer=donec&ac=pharetra&leo=magna&pellentesque=vestibulum&ultrices=aliquet&mattis=ultrices&odio=erat&donec=tortor&vitae=sollicitudin&nisi=mi&nam=sit', 13);
insert into sales.website (url, customer_id) values ('https://clickbank.net/quis.xml?libero=etiam&nullam=pretium&sit=iaculis&amet=justo&turpis=in&elementum=hac&ligula=habitasse&vehicula=platea&consequat=dictumst&morbi=etiam&a=faucibus&ipsum=cursus&integer=urna&a=ut&nibh=tellus&in=nulla&quis=ut&justo=erat&maecenas=id&rhoncus=mauris&aliquam=vulputate&lacus=elementum&morbi=nullam&quis=varius&tortor=nulla&id=facilisi&nulla=cras&ultrices=non&aliquet=velit&maecenas=nec&leo=nisi&odio=vulputate&condimentum=nonummy&id=maecenas', 81);
insert into sales.website (url, customer_id) values ('https://ebay.com/in.xml?eu=turpis&interdum=sed&eu=ante&tincidunt=vivamus&in=tortor&leo=duis&maecenas=mattis&pulvinar=egestas&lobortis=metus&est=aenean&phasellus=fermentum&sit=donec&amet=ut&erat=mauris&nulla=eget&tempus=massa&vivamus=tempor&in=convallis&felis=nulla&eu=neque&sapien=libero&cursus=convallis', 61);
insert into sales.website (url, customer_id) values ('http://yahoo.com/lorem/quisque/ut/erat/curabitur.xml?sed=id&vel=nulla&enim=ultrices&sit=aliquet&amet=maecenas&nunc=leo&viverra=odio&dapibus=condimentum&nulla=id&suscipit=luctus&ligula=nec&in=molestie&lacus=sed&curabitur=justo&at=pellentesque&ipsum=viverra&ac=pede&tellus=ac&semper=diam&interdum=cras&mauris=pellentesque&ullamcorper=volutpat&purus=dui&sit=maecenas&amet=tristique&nulla=est&quisque=et&arcu=tempus&libero=semper&rutrum=est&ac=quam', 57);
insert into sales.website (url, customer_id) values ('http://amazon.co.uk/lobortis.html?nulla=sed&mollis=nisl&molestie=nunc&lorem=rhoncus&quisque=dui&ut=vel&erat=sem&curabitur=sed&gravida=sagittis&nisi=nam&at=congue&nibh=risus&in=semper&hac=porta&habitasse=volutpat&platea=quam&dictumst=pede&aliquam=lobortis&augue=ligula&quam=sit&sollicitudin=amet&vitae=eleifend&consectetuer=pede&eget=libero&rutrum=quis&at=orci&lorem=nullam&integer=molestie&tincidunt=nibh&ante=in&vel=lectus&ipsum=pellentesque&praesent=at&blandit=nulla&lacinia=suspendisse&erat=potenti&vestibulum=cras&sed=in&magna=purus', 20);
insert into sales.website (url, customer_id) values ('https://people.com.cn/nulla/mollis/molestie/lorem/quisque.js?at=elit&nibh=proin&in=risus&hac=praesent&habitasse=lectus&platea=vestibulum&dictumst=quam&aliquam=sapien&augue=varius&quam=ut&sollicitudin=blandit&vitae=non&consectetuer=interdum&eget=in&rutrum=ante&at=vestibulum&lorem=ante&integer=ipsum&tincidunt=primis&ante=in&vel=faucibus&ipsum=orci&praesent=luctus&blandit=et&lacinia=ultrices&erat=posuere&vestibulum=cubilia&sed=curae&magna=duis&at=faucibus&nunc=accumsan&commodo=odio&placerat=curabitur&praesent=convallis&blandit=duis&nam=consequat&nulla=dui&integer=nec&pede=nisi&justo=volutpat&lacinia=eleifend&eget=donec&tincidunt=ut&eget=dolor&tempus=morbi&vel=vel&pede=lectus&morbi=in&porttitor=quam&lorem=fringilla&id=rhoncus&ligula=mauris&suspendisse=enim&ornare=leo&consequat=rhoncus&lectus=sed&in=vestibulum&est=sit&risus=amet&auctor=cursus&sed=id&tristique=turpis&in=integer&tempus=aliquet&sit=massa&amet=id&sem=lobortis&fusce=convallis&consequat=tortor&nulla=risus&nisl=dapibus&nunc=augue&nisl=vel&duis=accumsan&bibendum=tellus&felis=nisi&sed=eu&interdum=orci&venenatis=mauris&turpis=lacinia', 7);
insert into sales.website (url, customer_id) values ('http://dell.com/vestibulum/sit/amet/cursus/id/turpis/integer.jsp?molestie=tellus&sed=nulla&justo=ut&pellentesque=erat&viverra=id&pede=mauris&ac=vulputate&diam=elementum&cras=nullam&pellentesque=varius&volutpat=nulla&dui=facilisi&maecenas=cras&tristique=non&est=velit&et=nec&tempus=nisi&semper=vulputate&est=nonummy&quam=maecenas&pharetra=tincidunt&magna=lacus&ac=at&consequat=velit&metus=vivamus&sapien=vel&ut=nulla&nunc=eget&vestibulum=eros&ante=elementum&ipsum=pellentesque&primis=quisque&in=porta&faucibus=volutpat&orci=erat&luctus=quisque&et=erat&ultrices=eros&posuere=viverra&cubilia=eget&curae=congue&mauris=eget&viverra=semper&diam=rutrum', 84);
insert into sales.website (url, customer_id) values ('http://independent.co.uk/amet/eros.png?non=ac&velit=tellus&donec=semper&diam=interdum&neque=mauris&vestibulum=ullamcorper&eget=purus&vulputate=sit&ut=amet&ultrices=nulla&vel=quisque&augue=arcu&vestibulum=libero&ante=rutrum&ipsum=ac&primis=lobortis&in=vel&faucibus=dapibus&orci=at&luctus=diam&et=nam&ultrices=tristique&posuere=tortor', 1);
insert into sales.website (url, customer_id) values ('http://godaddy.com/iaculis/congue/vivamus/metus.js?id=lectus&ornare=pellentesque&imperdiet=at&sapien=nulla&urna=suspendisse&pretium=potenti&nisl=cras&ut=in&volutpat=purus&sapien=eu&arcu=magna&sed=vulputate&augue=luctus&aliquam=cum&erat=sociis&volutpat=natoque&in=penatibus&congue=et&etiam=magnis&justo=dis&etiam=parturient&pretium=montes&iaculis=nascetur&justo=ridiculus&in=mus&hac=vivamus&habitasse=vestibulum&platea=sagittis&dictumst=sapien&etiam=cum&faucibus=sociis&cursus=natoque&urna=penatibus&ut=et&tellus=magnis&nulla=dis&ut=parturient&erat=montes&id=nascetur&mauris=ridiculus&vulputate=mus&elementum=etiam&nullam=vel', 95);
insert into sales.website (url, customer_id) values ('http://dion.ne.jp/molestie/hendrerit/at/vulputate.jsp?aenean=sit&sit=amet&amet=cursus&justo=id&morbi=turpis&ut=integer&odio=aliquet&cras=massa&mi=id&pede=lobortis&malesuada=convallis&in=tortor&imperdiet=risus&et=dapibus&commodo=augue&vulputate=vel&justo=accumsan&in=tellus&blandit=nisi&ultrices=eu&enim=orci&lorem=mauris&ipsum=lacinia&dolor=sapien&sit=quis&amet=libero&consectetuer=nullam&adipiscing=sit&elit=amet&proin=turpis&interdum=elementum&mauris=ligula&non=vehicula&ligula=consequat&pellentesque=morbi&ultrices=a&phasellus=ipsum&id=integer&sapien=a&in=nibh&sapien=in&iaculis=quis&congue=justo&vivamus=maecenas&metus=rhoncus&arcu=aliquam&adipiscing=lacus&molestie=morbi&hendrerit=quis&at=tortor&vulputate=id&vitae=nulla&nisl=ultrices&aenean=aliquet&lectus=maecenas&pellentesque=leo&eget=odio&nunc=condimentum&donec=id&quis=luctus&orci=nec&eget=molestie&orci=sed&vehicula=justo&condimentum=pellentesque&curabitur=viverra&in=pede&libero=ac&ut=diam&massa=cras&volutpat=pellentesque&convallis=volutpat&morbi=dui&odio=maecenas&odio=tristique&elementum=est&eu=et&interdum=tempus&eu=semper&tincidunt=est&in=quam&leo=pharetra&maecenas=magna&pulvinar=ac&lobortis=consequat&est=metus&phasellus=sapien&sit=ut&amet=nunc&erat=vestibulum&nulla=ante', 31);
insert into sales.website (url, customer_id) values ('https://hud.gov/eget/orci/vehicula/condimentum/curabitur/in/libero.json?natoque=massa&penatibus=id&et=nisl&magnis=venenatis&dis=lacinia&parturient=aenean&montes=sit&nascetur=amet&ridiculus=justo&mus=morbi&vivamus=ut&vestibulum=odio&sagittis=cras&sapien=mi&cum=pede&sociis=malesuada&natoque=in&penatibus=imperdiet&et=et&magnis=commodo&dis=vulputate&parturient=justo&montes=in&nascetur=blandit&ridiculus=ultrices&mus=enim&etiam=lorem&vel=ipsum&augue=dolor&vestibulum=sit&rutrum=amet&rutrum=consectetuer&neque=adipiscing&aenean=elit&auctor=proin&gravida=interdum&sem=mauris&praesent=non&id=ligula&massa=pellentesque&id=ultrices&nisl=phasellus&venenatis=id&lacinia=sapien&aenean=in&sit=sapien&amet=iaculis&justo=congue&morbi=vivamus&ut=metus&odio=arcu&cras=adipiscing&mi=molestie&pede=hendrerit&malesuada=at&in=vulputate&imperdiet=vitae&et=nisl&commodo=aenean&vulputate=lectus&justo=pellentesque&in=eget&blandit=nunc&ultrices=donec&enim=quis&lorem=orci&ipsum=eget&dolor=orci&sit=vehicula&amet=condimentum&consectetuer=curabitur&adipiscing=in&elit=libero&proin=ut&interdum=massa&mauris=volutpat&non=convallis&ligula=morbi&pellentesque=odio&ultrices=odio&phasellus=elementum', 95);
insert into sales.website (url, customer_id) values ('https://hibu.com/et/magnis/dis.xml?montes=rhoncus&nascetur=aliquam&ridiculus=lacus&mus=morbi&etiam=quis&vel=tortor&augue=id&vestibulum=nulla&rutrum=ultrices&rutrum=aliquet&neque=maecenas&aenean=leo&auctor=odio&gravida=condimentum&sem=id&praesent=luctus&id=nec&massa=molestie&id=sed&nisl=justo&venenatis=pellentesque&lacinia=viverra&aenean=pede&sit=ac&amet=diam&justo=cras&morbi=pellentesque&ut=volutpat&odio=dui&cras=maecenas&mi=tristique&pede=est&malesuada=et&in=tempus&imperdiet=semper&et=est&commodo=quam&vulputate=pharetra&justo=magna&in=ac&blandit=consequat&ultrices=metus&enim=sapien&lorem=ut&ipsum=nunc&dolor=vestibulum&sit=ante&amet=ipsum&consectetuer=primis&adipiscing=in&elit=faucibus&proin=orci&interdum=luctus&mauris=et&non=ultrices&ligula=posuere&pellentesque=cubilia&ultrices=curae&phasellus=mauris&id=viverra&sapien=diam&in=vitae&sapien=quam&iaculis=suspendisse&congue=potenti&vivamus=nullam&metus=porttitor&arcu=lacus&adipiscing=at&molestie=turpis&hendrerit=donec&at=posuere&vulputate=metus&vitae=vitae&nisl=ipsum&aenean=aliquam&lectus=non&pellentesque=mauris&eget=morbi', 97);
insert into sales.website (url, customer_id) values ('http://msn.com/molestie/nibh/in/lectus.html?sagittis=mauris&nam=sit&congue=amet&risus=eros&semper=suspendisse&porta=accumsan&volutpat=tortor&quam=quis&pede=turpis&lobortis=sed&ligula=ante&sit=vivamus&amet=tortor&eleifend=duis&pede=mattis&libero=egestas&quis=metus&orci=aenean&nullam=fermentum&molestie=donec&nibh=ut&in=mauris&lectus=eget&pellentesque=massa&at=tempor&nulla=convallis&suspendisse=nulla&potenti=neque&cras=libero&in=convallis&purus=eget&eu=eleifend&magna=luctus&vulputate=ultricies&luctus=eu&cum=nibh&sociis=quisque&natoque=id&penatibus=justo&et=sit&magnis=amet&dis=sapien&parturient=dignissim&montes=vestibulum&nascetur=vestibulum&ridiculus=ante&mus=ipsum&vivamus=primis&vestibulum=in&sagittis=faucibus&sapien=orci&cum=luctus&sociis=et&natoque=ultrices&penatibus=posuere&et=cubilia&magnis=curae&dis=nulla&parturient=dapibus&montes=dolor', 82);
insert into sales.website (url, customer_id) values ('http://last.fm/nibh/in/lectus.xml?eu=duis&felis=faucibus&fusce=accumsan&posuere=odio&felis=curabitur&sed=convallis&lacus=duis&morbi=consequat&sem=dui&mauris=nec', 90);
insert into sales.website (url, customer_id) values ('https://taobao.com/etiam/justo/etiam/pretium/iaculis/justo/in.json?magna=luctus&vulputate=et&luctus=ultrices&cum=posuere&sociis=cubilia&natoque=curae&penatibus=nulla&et=dapibus&magnis=dolor&dis=vel&parturient=est&montes=donec&nascetur=odio&ridiculus=justo&mus=sollicitudin&vivamus=ut&vestibulum=suscipit&sagittis=a&sapien=feugiat&cum=et&sociis=eros&natoque=vestibulum&penatibus=ac&et=est&magnis=lacinia&dis=nisi&parturient=venenatis&montes=tristique&nascetur=fusce&ridiculus=congue&mus=diam&etiam=id&vel=ornare&augue=imperdiet&vestibulum=sapien&rutrum=urna&rutrum=pretium&neque=nisl&aenean=ut&auctor=volutpat&gravida=sapien&sem=arcu&praesent=sed&id=augue&massa=aliquam&id=erat&nisl=volutpat&venenatis=in&lacinia=congue&aenean=etiam&sit=justo&amet=etiam&justo=pretium&morbi=iaculis', 53);
insert into sales.website (url, customer_id) values ('http://adobe.com/porta/volutpat/erat.json?sodales=mi&sed=integer&tincidunt=ac&eu=neque&felis=duis&fusce=bibendum&posuere=morbi&felis=non&sed=quam&lacus=nec&morbi=dui&sem=luctus&mauris=rutrum&laoreet=nulla&ut=tellus&rhoncus=in&aliquet=sagittis&pulvinar=dui&sed=vel&nisl=nisl&nunc=duis&rhoncus=ac&dui=nibh&vel=fusce&sem=lacus&sed=purus&sagittis=aliquet&nam=at&congue=feugiat&risus=non&semper=pretium&porta=quis&volutpat=lectus&quam=suspendisse&pede=potenti&lobortis=in&ligula=eleifend&sit=quam&amet=a&eleifend=odio&pede=in&libero=hac&quis=habitasse&orci=platea&nullam=dictumst&molestie=maecenas&nibh=ut&in=massa&lectus=quis&pellentesque=augue&at=luctus&nulla=tincidunt&suspendisse=nulla&potenti=mollis&cras=molestie&in=lorem&purus=quisque&eu=ut&magna=erat&vulputate=curabitur&luctus=gravida&cum=nisi&sociis=at&natoque=nibh&penatibus=in&et=hac&magnis=habitasse&dis=platea&parturient=dictumst&montes=aliquam&nascetur=augue&ridiculus=quam&mus=sollicitudin&vivamus=vitae&vestibulum=consectetuer&sagittis=eget&sapien=rutrum&cum=at&sociis=lorem&natoque=integer&penatibus=tincidunt&et=ante&magnis=vel', 13);

